<?xml version="1.0" encoding="ISO-8859-15"?>
<uc-export clientvers="12.0.0-dev+main.build.3446">
<DOCU name="PCK.PSL_AUTOMIC.AUTOMIC_SERVICEMANAGER.PUB.DOC">
<HEADER state="1">
<Title>Pack Documentation</Title>
<ArchiveKey1/>
<ArchiveKey2/>
<OH_SubType/>
</HEADER>
<DOCU_Docu state="1" type="text">
<DOC/>
</DOCU_Docu>
<DOCU_Fiche_Job state="1" type="text">
<DOC/>
</DOCU_Fiche_Job>
<DOCU_Incident state="1" type="text">
<DOC/>
</DOCU_Incident>
<DOCU_Etendue- state="1" type="xml">
<DOC/>
</DOCU_Etendue->
</DOCU>
</uc-export>