<?xml version="1.0" encoding="ISO-8859-15"?>
<uc-export clientvers="12.0.0-dev+main.build.3446">
<FolderStruct>
<includeExternalObjects>0</includeExternalObjects>
<FOLD name="PCK.PSL_AUTOMIC.AUTOMIC_SERVICEMANAGER" title="">
<VARA id="1648261" link="0" name="PCK.PSL_AUTOMIC.AUTOMIC_SERVICEMANAGER.PUB.VAR.METADATA"/>
<FOLD name="ACTIONS" title="">
<FOLD name="AE" title="">
<JOBP id="1648265" link="0" name="PCK.PSL_AUTOMIC.AUTOMIC_SERVICEMANAGER.PUB.ACTION.SERVICEMANAGER_START_COMPONENT"/>
<JOBP id="1648266" link="0" name="PCK.PSL_AUTOMIC.AUTOMIC_SERVICEMANAGER.PUB.ACTION.SERVICEMANAGER_STOP_COMPONENT"/>
<JOBP id="1608125" link="0" name="PCK.PSL_AUTOMIC.AUTOMIC_SERVICEMANAGER.PUB.ACTION.SERVICEMANAGER_RESTART_COMPONENT"/>
</FOLD>
</FOLD>
<FOLD name="CONFIG" title="">
<VARA id="1648270" link="0" name="PCK.PSL_AUTOMIC.AUTOMIC_SERVICEMANAGER.PUB.PROMPT_EXTERNAL_MAP"/>
</FOLD>
<FOLD name="DOCUMENTATION" title="">
<DOCU id="1648271" link="0" name="PCK.PSL_AUTOMIC.AUTOMIC_SERVICEMANAGER.PUB.DOC"/>
<DOCU id="1648272" link="0" name="PCK.PSL_AUTOMIC.AUTOMIC_SERVICEMANAGER.PUB.LICENSES"/>
</FOLD>
<FOLD name="RESOURCES" title="">
<FOLD name="INTERPRETERS" title=""/>
<FOLD name="LIBS" title=""/>
<FOLD name="SCRIPTS" title=""/>
</FOLD>
<FOLD name="SOURCE" title="">
<FOLD name="SERVICEMANAGER_RESTART_COMPONENT" title="">
<JOBP id="1608125" link="1" name="PCK.PSL_AUTOMIC.AUTOMIC_SERVICEMANAGER.PUB.ACTION.SERVICEMANAGER_RESTART_COMPONENT"/>
<FOLD name="INTERNAL" title="">
<FOLD name="INCLUDES" title=""/>
<FOLD name="JOBS" title=""/>
<FOLD name="PROMPTSETS" title="">
<PRPT id="1596308" link="0" name="PCK.PSL_AUTOMIC.AUTOMIC_SERVICEMANAGER.PRV.PROMPTSET.SERVICEMANAGER_RESTART_COMPONENT"/>
</FOLD>
<FOLD name="ROLLBACK" title=""/>
<FOLD name="VARIABLES" title=""/>
</FOLD>
</FOLD>
<FOLD name="SERVICEMANAGER_START_COMPONENT" title="">
<JOBP id="1648265" link="1" name="PCK.PSL_AUTOMIC.AUTOMIC_SERVICEMANAGER.PUB.ACTION.SERVICEMANAGER_START_COMPONENT"/>
<FOLD name="INTERNAL" title="">
<FOLD name="INCLUDES" title=""/>
<FOLD name="JOBS" title="">
<JOBS_WINDOWS id="1648305" link="0" name="PCK.PSL_AUTOMIC.AUTOMIC_SERVICEMANAGER.PRV.JOB.SERVICEMANAGER_START_COMPONENT@WINDOWS"/>
</FOLD>
<FOLD name="PROMPTSETS" title="">
<PRPT id="1648306" link="0" name="PCK.PSL_AUTOMIC.AUTOMIC_SERVICEMANAGER.PRV.PROMPTSET.SERVICEMANAGER_START_COMPONENT"/>
</FOLD>
<FOLD name="ROLLBACK" title=""/>
<FOLD name="VARIABLES" title=""/>
</FOLD>
</FOLD>
<FOLD name="SERVICEMANAGER_STOP_COMPONENT" title="">
<JOBP id="1648266" link="1" name="PCK.PSL_AUTOMIC.AUTOMIC_SERVICEMANAGER.PUB.ACTION.SERVICEMANAGER_STOP_COMPONENT"/>
<FOLD name="INTERNAL" title="">
<FOLD name="INCLUDES" title=""/>
<FOLD name="JOBS" title="">
<JOBS_WINDOWS id="1648313" link="0" name="PCK.PSL_AUTOMIC.AUTOMIC_SERVICEMANAGER.PRV.JOB.SERVICEMANAGER_STOP_COMPONENT@WINDOWS"/>
</FOLD>
<FOLD name="PROMPTSETS" title="">
<PRPT id="1648314" link="0" name="PCK.PSL_AUTOMIC.AUTOMIC_SERVICEMANAGER.PRV.PROMPTSET.SERVICEMANAGER_STOP_COMPONENT"/>
</FOLD>
<FOLD name="ROLLBACK" title=""/>
<FOLD name="VARIABLES" title=""/>
</FOLD>
</FOLD>
</FOLD>
<FOLD name="TEMPLATES" title=""/>
</FOLD>
</FolderStruct>
<VARA OVD_VRName="FREI" data_type="STATIC" name="PCK.PSL_AUTOMIC.AUTOMIC_SERVICEMANAGER.PUB.VAR.METADATA" replacementmode="2">
<HEADER state="1">
<Title/>
<ArchiveKey1/>
<ArchiveKey2/>
<OH_SubType>STATIC</OH_SubType>
</HEADER>
<ATTR_VARA state="1">
<Type>C|Text</Type>
<lblSource>Static</lblSource>
<source>STATIC</source>
<VRName>FREI|Freely selected</VRName>
<NotFoundErr>0</NotFoundErr>
<NotFoundDef>1</NotFoundDef>
<ShareN>0</ShareN>
<ShareL>0</ShareL>
<ShareR>0</ShareR>
<MaxValue_C>1024</MaxValue_C>
<CheckMax_C>0</CheckMax_C>
<uppercase>0</uppercase>
<sortColumn>0</sortColumn>
<sortDirection>0</sortDirection>
</ATTR_VARA>
<VARA state="1">
<Variables>
<row Name="Categories" Value="" Value1="" Value2="" Value3="" Value4=""/>
<row Name="Company" Value="Automic Presales" Value1="" Value2="" Value3="" Value4=""/>
<row Name="Dependencies" Value="PCK.ITPA_SHARED ~&gt; 1.1" Value1="" Value2="" Value3="" Value4=""/>
<row Name="Description" Value="" Value1="" Value2="" Value3="" Value4=""/>
<row Name="Homepage" Value="www.automic.com" Value1="" Value2="" Value3="" Value4=""/>
<row Name="License" Value="" Value1="" Value2="" Value3="" Value4=""/>
<row Name="Name" Value="PCK.PSL_AUTOMIC.AUTOMIC_SERVICEMANAGER" Value1="" Value2="" Value3="" Value4=""/>
<row Name="Package Format Version" Value="0.3.0" Value1="" Value2="" Value3="" Value4=""/>
<row Name="Title" Value="Automic ServiceManager" Value1="" Value2="" Value3="" Value4=""/>
<row Name="Version" Value="1.0.0" Value1="" Value2="" Value3="" Value4=""/>
</Variables>
</VARA>
<DOCU_Docu state="1" type="text">
<DOC/>
</DOCU_Docu>
<DOCU_Fiche_Job state="1" type="text">
<DOC/>
</DOCU_Fiche_Job>
<DOCU_Incident state="1" type="text">
<DOC/>
</DOCU_Incident>
<DOCU_Etendue- state="1" type="xml">
<DOC/>
</DOCU_Etendue->
</VARA>
<JOBP AllowExternal="1" name="PCK.PSL_AUTOMIC.AUTOMIC_SERVICEMANAGER.PUB.ACTION.SERVICEMANAGER_START_COMPONENT">
<XHEADER state="1">
<Title>ServiceManager Start Component</Title>
<ArchiveKey1/>
<ArchiveKey2/>
<Active>1</Active>
<OH_SubType/>
<CustomAttributes KeyListID="0" dataRequestID="0"/>
</XHEADER>
<SYNCREF state="1">
<Syncs/>
</SYNCREF>
<ATTR_JOBP state="1">
<Queue>CLIENT_QUEUE</Queue>
<ChildQueue>*OWN</ChildQueue>
<StartType/>
<ExtRepDef>1</ExtRepDef>
<ExtRepAll>0</ExtRepAll>
<ExtRepNone>0</ExtRepNone>
<IntAccount/>
<AutoDeactNo>0</AutoDeactNo>
<AutoDeact1ErrorFree>0</AutoDeact1ErrorFree>
<AutoDeactErrorFree>1</AutoDeactErrorFree>
<DeactWhen>ANY_OK</DeactWhen>
<AutoDeactAlways>0</AutoDeactAlways>
<DeactDelay>0</DeactDelay>
<ActAtRun>1</ActAtRun>
<UC4Priority>0</UC4Priority>
<PassPriority>0</PassPriority>
<MaxParallel2>0</MaxParallel2>
<ReuseHG>1</ReuseHG>
<MpElse1>1</MpElse1>
<MpElse2>0</MpElse2>
<TZ/>
<RWhen/>
<RExecute/>
<JPA_SubType/>
</ATTR_JOBP>
<JOBP state="1">
<JobpStruct mode="design">
<task Alias="" BranchType="0" Col="1" Lnr="1" OType="&lt;START&gt;" Object="START" ParentAlias="" ParentObject="" Row="1" Text2="">
<checkpoint RollbackFlag="0" RunPerPatch="0" RunPerTarget="0" TcpADays="0" TcpATime="00:00" TcpATimeTZ="" TcpExecute="" TcpOn="0" promptatgen="0" showprompt="0"/>
<after ActFlg="1" AtimOn="0" ErlstStDays="0" ErlstStTime="00:00" ErlstStTimeTZ="" HoldFlg="0"/>
<when ChkWhenExec="0" LtstEnd="0" LtstEndDays="0" LtstEndTime="00:00" LtstSt="0" LtstStDays="0" LtstStTime="00:00" LtstTimeTZ="" WCTypeAND="1" WCTypeOR="0" WElseA="0" WElseH="0" WElseS="1" WElseX="0" WhenExecute="" WtimOn="0"/>
<preconditions>
<PreCon>
<conditions id="CONDITIONS"/>
</PreCon>
</preconditions>
<predecessors/>
<runtime MrtCancel="0" MrtDays="0" MrtErt="0" MrtExecute="0" MrtExecuteObj="" MrtFix="0" MrtMethodDate="0" MrtMethodErt="0" MrtMethodFix="0" MrtMethodNone="1" MrtOn="1" MrtTZ="" MrtTime="00:00" SrtErt="0" SrtFix="0" SrtMethodErt="0" SrtMethodFix="0" SrtMethodNone="1"/>
<result ChkRExec="0" RElseHalt="0" RElseIgn="0" RElseJPAbend="0" RExecFlag="0" RExecute="" RRepMTimes="0" RRepOn="0" RRepWait="0" RWhen=""/>
<dynvalues>
<dyntree>
<node content="1" id="PCK.PSL_AUTOMIC.AUTOMIC_SERVICEMANAGER.PRV.PROMPTSET.SERVICEMANAGER_START_COMPONENT" name="PCK.PSL_AUTOMIC.AUTOMIC_SERVICEMANAGER.PRV.PROMPTSET.SERVICEMANAGER_START_COMPONENT" parent="PPRPTS" type="PPROMPTSET">
<PROMPTSET name="PCK.PSL_AUTOMIC.AUTOMIC_SERVICEMANAGER.PRV.PROMPTSET.SERVICEMANAGER_START_COMPONENT">
<PRPTBOX promptset="PCK.PSL_AUTOMIC.AUTOMIC_SERVICEMANAGER.PRV.PROMPTSET.SERVICEMANAGER_START_COMPONENT">
<UC4RB_PATHs.00 ReadFromTable="OPUD" altview="0" haslist="0" msginsert="" msgnr="" promptname="UC4RB_PATH#" promptsetname="PCK.PSL_AUTOMIC.AUTOMIC_SERVICEMANAGER.PRV.PROMPTSET.SERVICEMANAGER_START_COMPONENT"/>
<UC4RB_SA_AGENT_NAMEs.00 ReadFromTable="OPUD" altview="0" haslist="0" msginsert="" msgnr="" promptname="UC4RB_SA_AGENT_NAME#" promptsetname="PCK.PSL_AUTOMIC.AUTOMIC_SERVICEMANAGER.PRV.PROMPTSET.SERVICEMANAGER_START_COMPONENT"/>
<UC4RB_SA_HOSTs.00 ReadFromTable="OPUD" altview="0" haslist="0" msginsert="" msgnr="" promptname="UC4RB_SA_HOST#" promptsetname="PCK.PSL_AUTOMIC.AUTOMIC_SERVICEMANAGER.PRV.PROMPTSET.SERVICEMANAGER_START_COMPONENT"/>
<UC4RB_SA_PHRASEs.00 ReadFromTable="OPUD" altview="0" haslist="0" msginsert="" msgnr="" promptname="UC4RB_SA_PHRASE#" promptsetname="PCK.PSL_AUTOMIC.AUTOMIC_SERVICEMANAGER.PRV.PROMPTSET.SERVICEMANAGER_START_COMPONENT"/>
<UC4RB_SA_PORTs.00 ReadFromTable="OPUD" altview="0" haslist="0" msginsert="" msgnr="" promptname="UC4RB_SA_PORT#" promptsetname="PCK.PSL_AUTOMIC.AUTOMIC_SERVICEMANAGER.PRV.PROMPTSET.SERVICEMANAGER_START_COMPONENT"/>
</PRPTBOX>
</PROMPTSET>
</node>
<node content="1" id="PCK.ITPA_SHARED.PRV.PROMPTSET.OVERWRITE_AGENT" name="PCK.ITPA_SHARED.PRV.PROMPTSET.OVERWRITE_AGENT" parent="PPRPTS" type="PPROMPTSET">
<PROMPTSET name="PCK.ITPA_SHARED.PRV.PROMPTSET.OVERWRITE_AGENT">
<PRPTBOX promptset="PCK.ITPA_SHARED.PRV.PROMPTSET.OVERWRITE_AGENT">
<AGENTs.00 ReadFromTable="OPUD" altview="0" haslist="0" msginsert="" msgnr="" promptname="AGENT#" promptsetname="PCK.ITPA_SHARED.PRV.PROMPTSET.OVERWRITE_AGENT"/>
<LOGINs.00 ReadFromTable="OPUD" altview="0" haslist="0" msginsert="" msgnr="" promptname="LOGIN#" promptsetname="PCK.ITPA_SHARED.PRV.PROMPTSET.OVERWRITE_AGENT"/>
</PRPTBOX>
</PROMPTSET>
</node>
</dyntree>
</dynvalues>
<CIT/>
<calendars CCTypeAll="0" CCTypeExt="0" CCTypeNone="0" CCTypeOne="1" CaleOn="0"/>
<postconditions>
<PostCon>
<conditions id="CONDITIONS"/>
</PostCon>
</postconditions>
</task>
<task Alias="" BranchType="0" Col="2" Lnr="2" OType="JOBS" Object="PCK.PSL_AUTOMIC.AUTOMIC_SERVICEMANAGER.PRV.JOB.SERVICEMANAGER_START_COMPONENT@WINDOWS" ParentAlias="" ParentObject="" Row="1" Text2="">
<checkpoint RollbackFlag="0" RunPerPatch="0" RunPerTarget="0" TcpADays="0" TcpATime="00:00" TcpATimeTZ="" TcpExecute="" TcpOn="0" promptatgen="0" showprompt="0"/>
<after ActFlg="1" AtimOn="0" ErlstStDays="0" ErlstStTime="00:00" ErlstStTimeTZ="" HoldFlg="0"/>
<when ChkWhenExec="0" LtstEnd="0" LtstEndDays="0" LtstEndTime="00:00" LtstSt="0" LtstStDays="0" LtstStTime="00:00" LtstTimeTZ="" WCTypeAND="1" WCTypeOR="0" WElseA="1" WElseH="0" WElseS="0" WElseX="0" WhenExecute="" WtimOn="0"/>
<preconditions>
<PreCon>
<conditions id="CONDITIONS"/>
</PreCon>
</preconditions>
<predecessors>
<pre BranchType="0" Lnr="1" PreLnr="1" When="ANY_OK" type="container"/>
</predecessors>
<runtime MrtCancel="0" MrtDays="0" MrtErt="0" MrtExecute="0" MrtExecuteObj="" MrtFix="0" MrtMethodDate="0" MrtMethodErt="0" MrtMethodFix="0" MrtMethodNone="1" MrtOn="1" MrtTZ="" MrtTime="00:00" SrtErt="0" SrtFix="0" SrtMethodErt="0" SrtMethodFix="0" SrtMethodNone="1"/>
<result ChkRExec="0" RElseHalt="0" RElseIgn="0" RElseJPAbend="0" RExecFlag="0" RExecute="" RRepMTimes="0" RRepOn="0" RRepWait="0" RWhen=""/>
<dynvalues>
<dyntree>
<node content="1" id="VALUE" name="Variables" parent="" type="TASKVALUE">
<VALUE state="2">
<Values/>
<Mode>0</Mode>
</VALUE>
</node>
<node content="1" id="PVALUE" name="Parent Variables" parent="" type="TASKVALUE">
<VALUE state="2">
<Values/>
<Mode>0</Mode>
</VALUE>
</node>
<node content="1" id="PRPTS" name="PromptSets" parent="" pref="1" type="PROMPTSET"/>
<node content="0" id="PPRPTS" name="Parent PromptSets" parent="" type="PPROMPTSET"/>
<node content="1" id="PCK.PSL_AUTOMIC.AUTOMIC_SERVICEMANAGER.PRV.PROMPTSET.SERVICEMANAGER_START_COMPONENT" name="PCK.PSL_AUTOMIC.AUTOMIC_SERVICEMANAGER.PRV.PROMPTSET.SERVICEMANAGER_START_COMPONENT" parent="PPRPTS" type="PPROMPTSET">
<PROMPTSET name="PCK.PSL_AUTOMIC.AUTOMIC_SERVICEMANAGER.PRV.PROMPTSET.SERVICEMANAGER_START_COMPONENT">
<PRPTBOX promptset="PCK.PSL_AUTOMIC.AUTOMIC_SERVICEMANAGER.PRV.PROMPTSET.SERVICEMANAGER_START_COMPONENT">
<UC4RB_PATHs.00 ReadFromTable="OPUD" altview="0" haslist="0" msginsert="" msgnr="" promptname="UC4RB_PATH#" promptsetname="PCK.PSL_AUTOMIC.AUTOMIC_SERVICEMANAGER.PRV.PROMPTSET.SERVICEMANAGER_START_COMPONENT"/>
<UC4RB_SA_AGENT_NAMEs.00 ReadFromTable="OPUD" altview="0" haslist="0" msginsert="" msgnr="" promptname="UC4RB_SA_AGENT_NAME#" promptsetname="PCK.PSL_AUTOMIC.AUTOMIC_SERVICEMANAGER.PRV.PROMPTSET.SERVICEMANAGER_START_COMPONENT"/>
<UC4RB_SA_HOSTs.00 ReadFromTable="OPUD" altview="0" haslist="0" msginsert="" msgnr="" promptname="UC4RB_SA_HOST#" promptsetname="PCK.PSL_AUTOMIC.AUTOMIC_SERVICEMANAGER.PRV.PROMPTSET.SERVICEMANAGER_START_COMPONENT"/>
<UC4RB_SA_PHRASEs.00 ReadFromTable="OPUD" altview="0" haslist="0" msginsert="" msgnr="" promptname="UC4RB_SA_PHRASE#" promptsetname="PCK.PSL_AUTOMIC.AUTOMIC_SERVICEMANAGER.PRV.PROMPTSET.SERVICEMANAGER_START_COMPONENT"/>
<UC4RB_SA_PORTs.00 ReadFromTable="OPUD" altview="0" haslist="0" msginsert="" msgnr="" promptname="UC4RB_SA_PORT#" promptsetname="PCK.PSL_AUTOMIC.AUTOMIC_SERVICEMANAGER.PRV.PROMPTSET.SERVICEMANAGER_START_COMPONENT"/>
</PRPTBOX>
</PROMPTSET>
</node>
<node content="1" id="PCK.ITPA_SHARED.PRV.PROMPTSET.OVERWRITE_AGENT" name="PCK.ITPA_SHARED.PRV.PROMPTSET.OVERWRITE_AGENT" parent="PPRPTS" type="PPROMPTSET">
<PROMPTSET name="PCK.ITPA_SHARED.PRV.PROMPTSET.OVERWRITE_AGENT">
<PRPTBOX promptset="PCK.ITPA_SHARED.PRV.PROMPTSET.OVERWRITE_AGENT">
<AGENTs.00 ReadFromTable="OPUD" altview="0" haslist="0" msginsert="" msgnr="" promptname="AGENT#" promptsetname="PCK.ITPA_SHARED.PRV.PROMPTSET.OVERWRITE_AGENT"/>
<LOGINs.00 ReadFromTable="OPUD" altview="0" haslist="0" msginsert="" msgnr="" promptname="LOGIN#" promptsetname="PCK.ITPA_SHARED.PRV.PROMPTSET.OVERWRITE_AGENT"/>
</PRPTBOX>
</PROMPTSET>
</node>
</dyntree>
</dynvalues>
<CIT/>
<calendars CCTypeAll="0" CCTypeExt="0" CCTypeNone="0" CCTypeOne="1" CaleOn="0"/>
<postconditions>
<PostCon>
<conditions id="CONDITIONS"/>
</PostCon>
</postconditions>
</task>
<task Alias="" BranchType="0" Col="3" Lnr="3" OType="&lt;END&gt;" Object="END" ParentAlias="" ParentObject="" Row="1" Text2="">
<checkpoint RollbackFlag="0" RunPerPatch="0" RunPerTarget="0" TcpADays="0" TcpATime="00:00" TcpATimeTZ="" TcpExecute="" TcpOn="0" promptatgen="0" showprompt="0"/>
<after ActFlg="1" AtimOn="0" ErlstStDays="0" ErlstStTime="00:00" ErlstStTimeTZ="" HoldFlg="0"/>
<when ChkWhenExec="0" LtstEnd="0" LtstEndDays="0" LtstEndTime="00:00" LtstSt="0" LtstStDays="0" LtstStTime="00:00" LtstTimeTZ="" WCTypeAND="1" WCTypeOR="0" WElseA="1" WElseH="0" WElseS="0" WElseX="0" WhenExecute="" WtimOn="0"/>
<preconditions>
<PreCon>
<conditions id="CONDITIONS"/>
</PreCon>
</preconditions>
<predecessors>
<pre BranchType="0" Lnr="1" PreLnr="2" When="ANY_OK" type="container"/>
</predecessors>
<runtime MrtCancel="0" MrtDays="0" MrtErt="0" MrtExecute="0" MrtExecuteObj="" MrtFix="0" MrtMethodDate="0" MrtMethodErt="0" MrtMethodFix="0" MrtMethodNone="1" MrtOn="1" MrtTZ="" MrtTime="00:00" SrtErt="0" SrtFix="0" SrtMethodErt="0" SrtMethodFix="0" SrtMethodNone="1"/>
<result ChkRExec="0" RElseHalt="0" RElseIgn="0" RElseJPAbend="0" RExecFlag="0" RExecute="" RRepMTimes="0" RRepOn="0" RRepWait="0" RWhen=""/>
<dynvalues>
<dyntree>
<node content="1" id="PCK.PSL_AUTOMIC.AUTOMIC_SERVICEMANAGER.PRV.PROMPTSET.SERVICEMANAGER_START_COMPONENT" name="PCK.PSL_AUTOMIC.AUTOMIC_SERVICEMANAGER.PRV.PROMPTSET.SERVICEMANAGER_START_COMPONENT" parent="PPRPTS" type="PPROMPTSET">
<PROMPTSET name="PCK.PSL_AUTOMIC.AUTOMIC_SERVICEMANAGER.PRV.PROMPTSET.SERVICEMANAGER_START_COMPONENT">
<PRPTBOX promptset="PCK.PSL_AUTOMIC.AUTOMIC_SERVICEMANAGER.PRV.PROMPTSET.SERVICEMANAGER_START_COMPONENT">
<UC4RB_PATHs.00 ReadFromTable="OPUD" altview="0" haslist="0" msginsert="" msgnr="" promptname="UC4RB_PATH#" promptsetname="PCK.PSL_AUTOMIC.AUTOMIC_SERVICEMANAGER.PRV.PROMPTSET.SERVICEMANAGER_START_COMPONENT"/>
<UC4RB_SA_AGENT_NAMEs.00 ReadFromTable="OPUD" altview="0" haslist="0" msginsert="" msgnr="" promptname="UC4RB_SA_AGENT_NAME#" promptsetname="PCK.PSL_AUTOMIC.AUTOMIC_SERVICEMANAGER.PRV.PROMPTSET.SERVICEMANAGER_START_COMPONENT"/>
<UC4RB_SA_HOSTs.00 ReadFromTable="OPUD" altview="0" haslist="0" msginsert="" msgnr="" promptname="UC4RB_SA_HOST#" promptsetname="PCK.PSL_AUTOMIC.AUTOMIC_SERVICEMANAGER.PRV.PROMPTSET.SERVICEMANAGER_START_COMPONENT"/>
<UC4RB_SA_PHRASEs.00 ReadFromTable="OPUD" altview="0" haslist="0" msginsert="" msgnr="" promptname="UC4RB_SA_PHRASE#" promptsetname="PCK.PSL_AUTOMIC.AUTOMIC_SERVICEMANAGER.PRV.PROMPTSET.SERVICEMANAGER_START_COMPONENT"/>
<UC4RB_SA_PORTs.00 ReadFromTable="OPUD" altview="0" haslist="0" msginsert="" msgnr="" promptname="UC4RB_SA_PORT#" promptsetname="PCK.PSL_AUTOMIC.AUTOMIC_SERVICEMANAGER.PRV.PROMPTSET.SERVICEMANAGER_START_COMPONENT"/>
</PRPTBOX>
</PROMPTSET>
</node>
<node content="1" id="PCK.ITPA_SHARED.PRV.PROMPTSET.OVERWRITE_AGENT" name="PCK.ITPA_SHARED.PRV.PROMPTSET.OVERWRITE_AGENT" parent="PPRPTS" type="PPROMPTSET">
<PROMPTSET name="PCK.ITPA_SHARED.PRV.PROMPTSET.OVERWRITE_AGENT">
<PRPTBOX promptset="PCK.ITPA_SHARED.PRV.PROMPTSET.OVERWRITE_AGENT">
<AGENTs.00 ReadFromTable="OPUD" altview="0" haslist="0" msginsert="" msgnr="" promptname="AGENT#" promptsetname="PCK.ITPA_SHARED.PRV.PROMPTSET.OVERWRITE_AGENT"/>
<LOGINs.00 ReadFromTable="OPUD" altview="0" haslist="0" msginsert="" msgnr="" promptname="LOGIN#" promptsetname="PCK.ITPA_SHARED.PRV.PROMPTSET.OVERWRITE_AGENT"/>
</PRPTBOX>
</PROMPTSET>
</node>
</dyntree>
</dynvalues>
<CIT/>
<calendars CCTypeAll="0" CCTypeExt="0" CCTypeNone="0" CCTypeOne="1" CaleOn="0"/>
<postconditions>
<PostCon>
<conditions id="CONDITIONS"/>
</PostCon>
</postconditions>
</task>
<OPTIONS/>
</JobpStruct>
</JOBP>
<RUNTIME state="1">
<MaxRetCode>0</MaxRetCode>
<MrcExecute/>
<MrcElseE>0</MrcElseE>
<FcstStatus>0| |</FcstStatus>
<Ert>21</Ert>
<ErtMethodDef>1</ErtMethodDef>
<ErtMethodFix>0</ErtMethodFix>
<ErtFix>0</ErtFix>
<ErtDynMethod>2|Average</ErtDynMethod>
<ErtMethodDyn>0</ErtMethodDyn>
<ErtCnt>0</ErtCnt>
<ErtCorr>0</ErtCorr>
<ErtIgn>0</ErtIgn>
<ErtIgnFlg>0</ErtIgnFlg>
<ErtMinCnt>0</ErtMinCnt>
<MrtMethodNone>1</MrtMethodNone>
<MrtMethodFix>0</MrtMethodFix>
<MrtFix>0</MrtFix>
<MrtMethodErt>0</MrtMethodErt>
<MrtErt>0</MrtErt>
<MrtMethodDate>0</MrtMethodDate>
<MrtDays>0</MrtDays>
<MrtTime>00:00</MrtTime>
<MrtTZ/>
<SrtMethodNone>1</SrtMethodNone>
<SrtMethodFix>0</SrtMethodFix>
<SrtFix>0</SrtFix>
<SrtMethodErt>0</SrtMethodErt>
<SrtErt>0</SrtErt>
<MrtCancel>0</MrtCancel>
<MrtExecute>0</MrtExecute>
<MrtExecuteObj/>
</RUNTIME>
<DYNVALUES state="1">
<dyntree>
<node content="1" id="VALUE" name="Variables" parent="" type="VALUE">
<VALUE state="1">
<Values/>
<Mode>0</Mode>
</VALUE>
</node>
<node content="1" id="PCK.PSL_AUTOMIC.AUTOMIC_SERVICEMANAGER.PRV.PROMPTSET.SERVICEMANAGER_START_COMPONENT" name="PCK.PSL_AUTOMIC.AUTOMIC_SERVICEMANAGER.PRV.PROMPTSET.SERVICEMANAGER_START_COMPONENT" parent="PRPTS" type="PROMPTSET">
<PROMPTSET name="PCK.PSL_AUTOMIC.AUTOMIC_SERVICEMANAGER.PRV.PROMPTSET.SERVICEMANAGER_START_COMPONENT" ontop="1">
<PRPTBOX promptset="PCK.PSL_AUTOMIC.AUTOMIC_SERVICEMANAGER.PRV.PROMPTSET.SERVICEMANAGER_START_COMPONENT" prptmode="1">
<UC4RB_PATHs.00 altview="0" haslist="0"/>
<UC4RB_SA_HOSTs.00 altview="0" haslist="0"/>
<UC4RB_SA_PORTs.00 altview="0" haslist="0"/>
<UC4RB_SA_PHRASEs.00 altview="0" haslist="0"/>
<UC4RB_SA_AGENT_NAMEs.00 altview="0" haslist="0"/>
</PRPTBOX>
</PROMPTSET>
</node>
<node content="1" id="PCK.ITPA_SHARED.PRV.PROMPTSET.OVERWRITE_AGENT" name="PCK.ITPA_SHARED.PRV.PROMPTSET.OVERWRITE_AGENT" parent="PRPTS" type="PROMPTSET">
<PROMPTSET name="PCK.ITPA_SHARED.PRV.PROMPTSET.OVERWRITE_AGENT" ontop="1">
<PRPTBOX promptset="PCK.ITPA_SHARED.PRV.PROMPTSET.OVERWRITE_AGENT" prptmode="1">
<AGENTs.00 altview="0" haslist="0"/>
<LOGINs.00 altview="0" haslist="0"/>
</PRPTBOX>
</PROMPTSET>
</node>
</dyntree>
</DYNVALUES>
<DEPLOYMENT state="1">
<DeploymentFlag>0</DeploymentFlag>
<WFTypeA>1</WFTypeA>
<WFTypeC>0</WFTypeC>
<AppName/>
<WFName/>
<ComponentName/>
</DEPLOYMENT>
<ROLLBACK state="1">
<RollbackFlag>0</RollbackFlag>
<CBackupObj/>
<CRollbackObj/>
<FBackupPath/>
<FDeleteBefore>0</FDeleteBefore>
<FInclSubDirs>0</FInclSubDirs>
</ROLLBACK>
<SCRIPT mode="1" state="1">
<MSCRI/>
</SCRIPT>
<DOCU_Docu state="1" type="text">
<DOC/>
</DOCU_Docu>
<DOCU_Fiche_Job state="1" type="text">
<DOC/>
</DOCU_Fiche_Job>
<DOCU_Incident state="1" type="text">
<DOC/>
</DOCU_Incident>
<DOCU_Etendue- state="1" type="xml">
<DOC/>
</DOCU_Etendue->
</JOBP>
<JOBP AllowExternal="1" name="PCK.PSL_AUTOMIC.AUTOMIC_SERVICEMANAGER.PUB.ACTION.SERVICEMANAGER_STOP_COMPONENT">
<XHEADER state="1">
<Title>ServiceManager Stop Component</Title>
<ArchiveKey1/>
<ArchiveKey2/>
<Active>1</Active>
<OH_SubType/>
<CustomAttributes KeyListID="0" dataRequestID="0"/>
</XHEADER>
<SYNCREF state="1">
<Syncs/>
</SYNCREF>
<ATTR_JOBP state="1">
<Queue>CLIENT_QUEUE</Queue>
<ChildQueue>*OWN</ChildQueue>
<StartType/>
<ExtRepDef>1</ExtRepDef>
<ExtRepAll>0</ExtRepAll>
<ExtRepNone>0</ExtRepNone>
<IntAccount/>
<AutoDeactNo>0</AutoDeactNo>
<AutoDeact1ErrorFree>0</AutoDeact1ErrorFree>
<AutoDeactErrorFree>1</AutoDeactErrorFree>
<DeactWhen>ANY_OK</DeactWhen>
<AutoDeactAlways>0</AutoDeactAlways>
<DeactDelay>0</DeactDelay>
<ActAtRun>1</ActAtRun>
<UC4Priority>0</UC4Priority>
<PassPriority>0</PassPriority>
<MaxParallel2>0</MaxParallel2>
<ReuseHG>1</ReuseHG>
<MpElse1>1</MpElse1>
<MpElse2>0</MpElse2>
<TZ/>
<RWhen/>
<RExecute/>
<JPA_SubType/>
</ATTR_JOBP>
<JOBP state="1">
<JobpStruct mode="design">
<task Alias="" BranchType="0" Col="1" Lnr="1" OType="&lt;START&gt;" Object="START" ParentAlias="" ParentObject="" Row="1" Text2="">
<checkpoint RollbackFlag="0" RunPerPatch="0" RunPerTarget="0" TcpADays="0" TcpATime="00:00" TcpATimeTZ="" TcpExecute="" TcpOn="0" promptatgen="0" showprompt="0"/>
<after ActFlg="1" AtimOn="0" ErlstStDays="0" ErlstStTime="00:00" ErlstStTimeTZ="" HoldFlg="0"/>
<when ChkWhenExec="0" LtstEnd="0" LtstEndDays="0" LtstEndTime="00:00" LtstSt="0" LtstStDays="0" LtstStTime="00:00" LtstTimeTZ="" WCTypeAND="1" WCTypeOR="0" WElseA="0" WElseH="0" WElseS="1" WElseX="0" WhenExecute="" WtimOn="0"/>
<preconditions>
<PreCon>
<conditions id="CONDITIONS"/>
</PreCon>
</preconditions>
<predecessors/>
<runtime MrtCancel="0" MrtDays="0" MrtErt="0" MrtExecute="0" MrtExecuteObj="" MrtFix="0" MrtMethodDate="0" MrtMethodErt="0" MrtMethodFix="0" MrtMethodNone="1" MrtOn="1" MrtTZ="" MrtTime="00:00" SrtErt="0" SrtFix="0" SrtMethodErt="0" SrtMethodFix="0" SrtMethodNone="1"/>
<result ChkRExec="0" RElseHalt="0" RElseIgn="0" RElseJPAbend="0" RExecFlag="0" RExecute="" RRepMTimes="0" RRepOn="0" RRepWait="0" RWhen=""/>
<dynvalues>
<dyntree>
<node content="1" id="PCK.PSL_AUTOMIC.AUTOMIC_SERVICEMANAGER.PRV.PROMPTSET.SERVICEMANAGER_STOP_COMPONENT" name="PCK.PSL_AUTOMIC.AUTOMIC_SERVICEMANAGER.PRV.PROMPTSET.SERVICEMANAGER_STOP_COMPONENT" parent="PPRPTS" type="PPROMPTSET">
<PROMPTSET name="PCK.PSL_AUTOMIC.AUTOMIC_SERVICEMANAGER.PRV.PROMPTSET.SERVICEMANAGER_STOP_COMPONENT">
<PRPTBOX promptset="PCK.PSL_AUTOMIC.AUTOMIC_SERVICEMANAGER.PRV.PROMPTSET.SERVICEMANAGER_STOP_COMPONENT">
<UC4RB_PATHs.00 ReadFromTable="OPUD" altview="0" haslist="0" msginsert="" msgnr="" promptname="UC4RB_PATH#" promptsetname="PCK.PSL_AUTOMIC.AUTOMIC_SERVICEMANAGER.PRV.PROMPTSET.SERVICEMANAGER_STOP_COMPONENT"/>
<UC4RB_SA_AGENT_NAMEs.00 ReadFromTable="OPUD" altview="0" haslist="0" msginsert="" msgnr="" promptname="UC4RB_SA_AGENT_NAME#" promptsetname="PCK.PSL_AUTOMIC.AUTOMIC_SERVICEMANAGER.PRV.PROMPTSET.SERVICEMANAGER_STOP_COMPONENT"/>
<UC4RB_SA_HOSTs.00 ReadFromTable="OPUD" altview="0" haslist="0" msginsert="" msgnr="" promptname="UC4RB_SA_HOST#" promptsetname="PCK.PSL_AUTOMIC.AUTOMIC_SERVICEMANAGER.PRV.PROMPTSET.SERVICEMANAGER_STOP_COMPONENT"/>
<UC4RB_SA_PHRASEs.00 ReadFromTable="OPUD" altview="0" haslist="0" msginsert="" msgnr="" promptname="UC4RB_SA_PHRASE#" promptsetname="PCK.PSL_AUTOMIC.AUTOMIC_SERVICEMANAGER.PRV.PROMPTSET.SERVICEMANAGER_STOP_COMPONENT"/>
<UC4RB_SA_PORTs.00 ReadFromTable="OPUD" altview="0" haslist="0" msginsert="" msgnr="" promptname="UC4RB_SA_PORT#" promptsetname="PCK.PSL_AUTOMIC.AUTOMIC_SERVICEMANAGER.PRV.PROMPTSET.SERVICEMANAGER_STOP_COMPONENT"/>
</PRPTBOX>
</PROMPTSET>
</node>
<node content="1" id="PCK.ITPA_SHARED.PRV.PROMPTSET.OVERWRITE_AGENT" name="PCK.ITPA_SHARED.PRV.PROMPTSET.OVERWRITE_AGENT" parent="PPRPTS" type="PPROMPTSET">
<PROMPTSET name="PCK.ITPA_SHARED.PRV.PROMPTSET.OVERWRITE_AGENT">
<PRPTBOX promptset="PCK.ITPA_SHARED.PRV.PROMPTSET.OVERWRITE_AGENT">
<AGENTs.00 ReadFromTable="OPUD" altview="0" haslist="0" msginsert="" msgnr="" promptname="AGENT#" promptsetname="PCK.ITPA_SHARED.PRV.PROMPTSET.OVERWRITE_AGENT"/>
<LOGINs.00 ReadFromTable="OPUD" altview="0" haslist="0" msginsert="" msgnr="" promptname="LOGIN#" promptsetname="PCK.ITPA_SHARED.PRV.PROMPTSET.OVERWRITE_AGENT"/>
</PRPTBOX>
</PROMPTSET>
</node>
</dyntree>
</dynvalues>
<CIT/>
<calendars CCTypeAll="0" CCTypeExt="0" CCTypeNone="0" CCTypeOne="1" CaleOn="0"/>
<postconditions>
<PostCon>
<conditions id="CONDITIONS"/>
</PostCon>
</postconditions>
</task>
<task Alias="" BranchType="0" Col="2" Lnr="2" OType="JOBS" Object="PCK.PSL_AUTOMIC.AUTOMIC_SERVICEMANAGER.PRV.JOB.SERVICEMANAGER_STOP_COMPONENT@WINDOWS" ParentAlias="" ParentObject="" Row="1" Text2="">
<checkpoint RollbackFlag="0" RunPerPatch="0" RunPerTarget="0" TcpADays="0" TcpATime="00:00" TcpATimeTZ="" TcpExecute="" TcpOn="0" promptatgen="0" showprompt="0"/>
<after ActFlg="1" AtimOn="0" ErlstStDays="0" ErlstStTime="00:00" ErlstStTimeTZ="" HoldFlg="0"/>
<when ChkWhenExec="0" LtstEnd="0" LtstEndDays="0" LtstEndTime="00:00" LtstSt="0" LtstStDays="0" LtstStTime="00:00" LtstTimeTZ="" WCTypeAND="1" WCTypeOR="0" WElseA="1" WElseH="0" WElseS="0" WElseX="0" WhenExecute="" WtimOn="0"/>
<preconditions>
<PreCon>
<conditions id="CONDITIONS"/>
</PreCon>
</preconditions>
<predecessors>
<pre BranchType="0" Lnr="1" PreLnr="1" When="ANY_OK" type="container"/>
</predecessors>
<runtime MrtCancel="0" MrtDays="0" MrtErt="0" MrtExecute="0" MrtExecuteObj="" MrtFix="0" MrtMethodDate="0" MrtMethodErt="0" MrtMethodFix="0" MrtMethodNone="1" MrtOn="1" MrtTZ="" MrtTime="00:00" SrtErt="0" SrtFix="0" SrtMethodErt="0" SrtMethodFix="0" SrtMethodNone="1"/>
<result ChkRExec="0" RElseHalt="0" RElseIgn="0" RElseJPAbend="0" RExecFlag="0" RExecute="" RRepMTimes="0" RRepOn="0" RRepWait="0" RWhen=""/>
<dynvalues>
<dyntree>
<node content="1" id="VALUE" name="Variables" parent="" type="TASKVALUE">
<VALUE state="2">
<Values/>
<Mode>0</Mode>
</VALUE>
</node>
<node content="1" id="PVALUE" name="Parent Variables" parent="" type="TASKVALUE">
<VALUE state="2">
<Values/>
<Mode>0</Mode>
</VALUE>
</node>
<node content="1" id="PRPTS" name="PromptSets" parent="" pref="1" type="PROMPTSET"/>
<node content="0" id="PPRPTS" name="Parent PromptSets" parent="" type="PPROMPTSET"/>
<node content="1" id="PCK.PSL_AUTOMIC.AUTOMIC_SERVICEMANAGER.PRV.PROMPTSET.SERVICEMANAGER_STOP_COMPONENT" name="PCK.PSL_AUTOMIC.AUTOMIC_SERVICEMANAGER.PRV.PROMPTSET.SERVICEMANAGER_STOP_COMPONENT" parent="PPRPTS" type="PPROMPTSET">
<PROMPTSET name="PCK.PSL_AUTOMIC.AUTOMIC_SERVICEMANAGER.PRV.PROMPTSET.SERVICEMANAGER_STOP_COMPONENT">
<PRPTBOX promptset="PCK.PSL_AUTOMIC.AUTOMIC_SERVICEMANAGER.PRV.PROMPTSET.SERVICEMANAGER_STOP_COMPONENT">
<UC4RB_PATHs.00 ReadFromTable="OPUD" altview="0" haslist="0" msginsert="" msgnr="" promptname="UC4RB_PATH#" promptsetname="PCK.PSL_AUTOMIC.AUTOMIC_SERVICEMANAGER.PRV.PROMPTSET.SERVICEMANAGER_STOP_COMPONENT"/>
<UC4RB_SA_AGENT_NAMEs.00 ReadFromTable="OPUD" altview="0" haslist="0" msginsert="" msgnr="" promptname="UC4RB_SA_AGENT_NAME#" promptsetname="PCK.PSL_AUTOMIC.AUTOMIC_SERVICEMANAGER.PRV.PROMPTSET.SERVICEMANAGER_STOP_COMPONENT"/>
<UC4RB_SA_HOSTs.00 ReadFromTable="OPUD" altview="0" haslist="0" msginsert="" msgnr="" promptname="UC4RB_SA_HOST#" promptsetname="PCK.PSL_AUTOMIC.AUTOMIC_SERVICEMANAGER.PRV.PROMPTSET.SERVICEMANAGER_STOP_COMPONENT"/>
<UC4RB_SA_PHRASEs.00 ReadFromTable="OPUD" altview="0" haslist="0" msginsert="" msgnr="" promptname="UC4RB_SA_PHRASE#" promptsetname="PCK.PSL_AUTOMIC.AUTOMIC_SERVICEMANAGER.PRV.PROMPTSET.SERVICEMANAGER_STOP_COMPONENT"/>
<UC4RB_SA_PORTs.00 ReadFromTable="OPUD" altview="0" haslist="0" msginsert="" msgnr="" promptname="UC4RB_SA_PORT#" promptsetname="PCK.PSL_AUTOMIC.AUTOMIC_SERVICEMANAGER.PRV.PROMPTSET.SERVICEMANAGER_STOP_COMPONENT"/>
</PRPTBOX>
</PROMPTSET>
</node>
<node content="1" id="PCK.ITPA_SHARED.PRV.PROMPTSET.OVERWRITE_AGENT" name="PCK.ITPA_SHARED.PRV.PROMPTSET.OVERWRITE_AGENT" parent="PPRPTS" type="PPROMPTSET">
<PROMPTSET name="PCK.ITPA_SHARED.PRV.PROMPTSET.OVERWRITE_AGENT">
<PRPTBOX promptset="PCK.ITPA_SHARED.PRV.PROMPTSET.OVERWRITE_AGENT">
<AGENTs.00 ReadFromTable="OPUD" altview="0" haslist="0" msginsert="" msgnr="" promptname="AGENT#" promptsetname="PCK.ITPA_SHARED.PRV.PROMPTSET.OVERWRITE_AGENT"/>
<LOGINs.00 ReadFromTable="OPUD" altview="0" haslist="0" msginsert="" msgnr="" promptname="LOGIN#" promptsetname="PCK.ITPA_SHARED.PRV.PROMPTSET.OVERWRITE_AGENT"/>
</PRPTBOX>
</PROMPTSET>
</node>
</dyntree>
</dynvalues>
<CIT/>
<calendars CCTypeAll="0" CCTypeExt="0" CCTypeNone="0" CCTypeOne="1" CaleOn="0"/>
<postconditions>
<PostCon>
<conditions id="CONDITIONS"/>
</PostCon>
</postconditions>
</task>
<task Alias="" BranchType="0" Col="3" Lnr="3" OType="&lt;END&gt;" Object="END" ParentAlias="" ParentObject="" Row="1" Text2="">
<checkpoint RollbackFlag="0" RunPerPatch="0" RunPerTarget="0" TcpADays="0" TcpATime="00:00" TcpATimeTZ="" TcpExecute="" TcpOn="0" promptatgen="0" showprompt="0"/>
<after ActFlg="1" AtimOn="0" ErlstStDays="0" ErlstStTime="00:00" ErlstStTimeTZ="" HoldFlg="0"/>
<when ChkWhenExec="0" LtstEnd="0" LtstEndDays="0" LtstEndTime="00:00" LtstSt="0" LtstStDays="0" LtstStTime="00:00" LtstTimeTZ="" WCTypeAND="1" WCTypeOR="0" WElseA="1" WElseH="0" WElseS="0" WElseX="0" WhenExecute="" WtimOn="0"/>
<preconditions>
<PreCon>
<conditions id="CONDITIONS"/>
</PreCon>
</preconditions>
<predecessors>
<pre BranchType="0" Lnr="1" PreLnr="2" When="ANY_OK" type="container"/>
</predecessors>
<runtime MrtCancel="0" MrtDays="0" MrtErt="0" MrtExecute="0" MrtExecuteObj="" MrtFix="0" MrtMethodDate="0" MrtMethodErt="0" MrtMethodFix="0" MrtMethodNone="1" MrtOn="1" MrtTZ="" MrtTime="00:00" SrtErt="0" SrtFix="0" SrtMethodErt="0" SrtMethodFix="0" SrtMethodNone="1"/>
<result ChkRExec="0" RElseHalt="0" RElseIgn="0" RElseJPAbend="0" RExecFlag="0" RExecute="" RRepMTimes="0" RRepOn="0" RRepWait="0" RWhen=""/>
<dynvalues>
<dyntree>
<node content="1" id="PCK.PSL_AUTOMIC.AUTOMIC_SERVICEMANAGER.PRV.PROMPTSET.SERVICEMANAGER_STOP_COMPONENT" name="PCK.PSL_AUTOMIC.AUTOMIC_SERVICEMANAGER.PRV.PROMPTSET.SERVICEMANAGER_STOP_COMPONENT" parent="PPRPTS" type="PPROMPTSET">
<PROMPTSET name="PCK.PSL_AUTOMIC.AUTOMIC_SERVICEMANAGER.PRV.PROMPTSET.SERVICEMANAGER_STOP_COMPONENT">
<PRPTBOX promptset="PCK.PSL_AUTOMIC.AUTOMIC_SERVICEMANAGER.PRV.PROMPTSET.SERVICEMANAGER_STOP_COMPONENT">
<UC4RB_PATHs.00 ReadFromTable="OPUD" altview="0" haslist="0" msginsert="" msgnr="" promptname="UC4RB_PATH#" promptsetname="PCK.PSL_AUTOMIC.AUTOMIC_SERVICEMANAGER.PRV.PROMPTSET.SERVICEMANAGER_STOP_COMPONENT"/>
<UC4RB_SA_AGENT_NAMEs.00 ReadFromTable="OPUD" altview="0" haslist="0" msginsert="" msgnr="" promptname="UC4RB_SA_AGENT_NAME#" promptsetname="PCK.PSL_AUTOMIC.AUTOMIC_SERVICEMANAGER.PRV.PROMPTSET.SERVICEMANAGER_STOP_COMPONENT"/>
<UC4RB_SA_HOSTs.00 ReadFromTable="OPUD" altview="0" haslist="0" msginsert="" msgnr="" promptname="UC4RB_SA_HOST#" promptsetname="PCK.PSL_AUTOMIC.AUTOMIC_SERVICEMANAGER.PRV.PROMPTSET.SERVICEMANAGER_STOP_COMPONENT"/>
<UC4RB_SA_PHRASEs.00 ReadFromTable="OPUD" altview="0" haslist="0" msginsert="" msgnr="" promptname="UC4RB_SA_PHRASE#" promptsetname="PCK.PSL_AUTOMIC.AUTOMIC_SERVICEMANAGER.PRV.PROMPTSET.SERVICEMANAGER_STOP_COMPONENT"/>
<UC4RB_SA_PORTs.00 ReadFromTable="OPUD" altview="0" haslist="0" msginsert="" msgnr="" promptname="UC4RB_SA_PORT#" promptsetname="PCK.PSL_AUTOMIC.AUTOMIC_SERVICEMANAGER.PRV.PROMPTSET.SERVICEMANAGER_STOP_COMPONENT"/>
</PRPTBOX>
</PROMPTSET>
</node>
<node content="1" id="PCK.ITPA_SHARED.PRV.PROMPTSET.OVERWRITE_AGENT" name="PCK.ITPA_SHARED.PRV.PROMPTSET.OVERWRITE_AGENT" parent="PPRPTS" type="PPROMPTSET">
<PROMPTSET name="PCK.ITPA_SHARED.PRV.PROMPTSET.OVERWRITE_AGENT">
<PRPTBOX promptset="PCK.ITPA_SHARED.PRV.PROMPTSET.OVERWRITE_AGENT">
<AGENTs.00 ReadFromTable="OPUD" altview="0" haslist="0" msginsert="" msgnr="" promptname="AGENT#" promptsetname="PCK.ITPA_SHARED.PRV.PROMPTSET.OVERWRITE_AGENT"/>
<LOGINs.00 ReadFromTable="OPUD" altview="0" haslist="0" msginsert="" msgnr="" promptname="LOGIN#" promptsetname="PCK.ITPA_SHARED.PRV.PROMPTSET.OVERWRITE_AGENT"/>
</PRPTBOX>
</PROMPTSET>
</node>
</dyntree>
</dynvalues>
<CIT/>
<calendars CCTypeAll="0" CCTypeExt="0" CCTypeNone="0" CCTypeOne="1" CaleOn="0"/>
<postconditions>
<PostCon>
<conditions id="CONDITIONS"/>
</PostCon>
</postconditions>
</task>
<OPTIONS/>
</JobpStruct>
</JOBP>
<RUNTIME state="1">
<MaxRetCode>0</MaxRetCode>
<MrcExecute/>
<MrcElseE>0</MrcElseE>
<FcstStatus>0| |</FcstStatus>
<Ert>1</Ert>
<ErtMethodDef>1</ErtMethodDef>
<ErtMethodFix>0</ErtMethodFix>
<ErtFix>0</ErtFix>
<ErtDynMethod>2|Average</ErtDynMethod>
<ErtMethodDyn>0</ErtMethodDyn>
<ErtCnt>0</ErtCnt>
<ErtCorr>0</ErtCorr>
<ErtIgn>0</ErtIgn>
<ErtIgnFlg>0</ErtIgnFlg>
<ErtMinCnt>0</ErtMinCnt>
<MrtMethodNone>1</MrtMethodNone>
<MrtMethodFix>0</MrtMethodFix>
<MrtFix>0</MrtFix>
<MrtMethodErt>0</MrtMethodErt>
<MrtErt>0</MrtErt>
<MrtMethodDate>0</MrtMethodDate>
<MrtDays>0</MrtDays>
<MrtTime>00:00</MrtTime>
<MrtTZ/>
<SrtMethodNone>1</SrtMethodNone>
<SrtMethodFix>0</SrtMethodFix>
<SrtFix>0</SrtFix>
<SrtMethodErt>0</SrtMethodErt>
<SrtErt>0</SrtErt>
<MrtCancel>0</MrtCancel>
<MrtExecute>0</MrtExecute>
<MrtExecuteObj/>
</RUNTIME>
<DYNVALUES state="1">
<dyntree>
<node content="1" id="VALUE" name="Variables" parent="" type="VALUE">
<VALUE state="1">
<Values/>
<Mode>0</Mode>
</VALUE>
</node>
<node content="1" id="PCK.PSL_AUTOMIC.AUTOMIC_SERVICEMANAGER.PRV.PROMPTSET.SERVICEMANAGER_STOP_COMPONENT" name="PCK.PSL_AUTOMIC.AUTOMIC_SERVICEMANAGER.PRV.PROMPTSET.SERVICEMANAGER_STOP_COMPONENT" parent="PRPTS" type="PROMPTSET">
<PROMPTSET name="PCK.PSL_AUTOMIC.AUTOMIC_SERVICEMANAGER.PRV.PROMPTSET.SERVICEMANAGER_STOP_COMPONENT" ontop="1">
<PRPTBOX promptset="PCK.PSL_AUTOMIC.AUTOMIC_SERVICEMANAGER.PRV.PROMPTSET.SERVICEMANAGER_STOP_COMPONENT" prptmode="1">
<UC4RB_PATHs.00 altview="0" haslist="0"/>
<UC4RB_SA_HOSTs.00 altview="0" haslist="0"/>
<UC4RB_SA_PORTs.00 altview="0" haslist="0"/>
<UC4RB_SA_PHRASEs.00 altview="0" haslist="0"/>
<UC4RB_SA_AGENT_NAMEs.00 altview="0" haslist="0"/>
</PRPTBOX>
</PROMPTSET>
</node>
<node content="1" id="PCK.ITPA_SHARED.PRV.PROMPTSET.OVERWRITE_AGENT" name="PCK.ITPA_SHARED.PRV.PROMPTSET.OVERWRITE_AGENT" parent="PRPTS" type="PROMPTSET">
<PROMPTSET name="PCK.ITPA_SHARED.PRV.PROMPTSET.OVERWRITE_AGENT" ontop="1">
<PRPTBOX promptset="PCK.ITPA_SHARED.PRV.PROMPTSET.OVERWRITE_AGENT" prptmode="1">
<AGENTs.00 altview="0" haslist="0"/>
<LOGINs.00 altview="0" haslist="0"/>
</PRPTBOX>
</PROMPTSET>
</node>
</dyntree>
</DYNVALUES>
<DEPLOYMENT state="1">
<DeploymentFlag>0</DeploymentFlag>
<WFTypeA>1</WFTypeA>
<WFTypeC>0</WFTypeC>
<AppName/>
<WFName/>
<ComponentName/>
</DEPLOYMENT>
<ROLLBACK state="1">
<RollbackFlag>0</RollbackFlag>
<CBackupObj/>
<CRollbackObj/>
<FBackupPath/>
<FDeleteBefore>0</FDeleteBefore>
<FInclSubDirs>0</FInclSubDirs>
</ROLLBACK>
<SCRIPT mode="1" state="1">
<MSCRI/>
</SCRIPT>
<DOCU_Docu state="1" type="text">
<DOC/>
</DOCU_Docu>
<DOCU_Fiche_Job state="1" type="text">
<DOC/>
</DOCU_Fiche_Job>
<DOCU_Incident state="1" type="text">
<DOC/>
</DOCU_Incident>
<DOCU_Etendue- state="1" type="xml">
<DOC/>
</DOCU_Etendue->
</JOBP>
<JOBP AllowExternal="1" name="PCK.PSL_AUTOMIC.AUTOMIC_SERVICEMANAGER.PUB.ACTION.SERVICEMANAGER_RESTART_COMPONENT">
<XHEADER state="1">
<Title>ServiceManager Restart Component</Title>
<ArchiveKey1/>
<ArchiveKey2/>
<Active>1</Active>
<OH_SubType/>
<CustomAttributes KeyListID="0" dataRequestID="0"/>
</XHEADER>
<SYNCREF state="1">
<Syncs/>
</SYNCREF>
<ATTR_JOBP state="1">
<Queue>CLIENT_QUEUE</Queue>
<ChildQueue>*OWN</ChildQueue>
<StartType/>
<ExtRepDef>1</ExtRepDef>
<ExtRepAll>0</ExtRepAll>
<ExtRepNone>0</ExtRepNone>
<IntAccount/>
<AutoDeactNo>0</AutoDeactNo>
<AutoDeact1ErrorFree>0</AutoDeact1ErrorFree>
<AutoDeactErrorFree>1</AutoDeactErrorFree>
<DeactWhen>ANY_OK</DeactWhen>
<AutoDeactAlways>0</AutoDeactAlways>
<DeactDelay>0</DeactDelay>
<ActAtRun>1</ActAtRun>
<UC4Priority>0</UC4Priority>
<PassPriority>0</PassPriority>
<MaxParallel2>0</MaxParallel2>
<ReuseHG>1</ReuseHG>
<MpElse1>1</MpElse1>
<MpElse2>0</MpElse2>
<TZ/>
<RWhen/>
<RExecute/>
<JPA_SubType/>
</ATTR_JOBP>
<JOBP state="1">
<JobpStruct mode="design">
<task Alias="" BranchType="0" Col="1" Lnr="1" OType="&lt;START&gt;" Object="START" ParentAlias="" ParentObject="" Row="2" Text2="">
<checkpoint RollbackFlag="0" RunPerPatch="0" RunPerTarget="0" TcpADays="0" TcpATime="00:00" TcpATimeTZ="" TcpExecute="" TcpOn="0" promptatgen="0" showprompt="0"/>
<after ActFlg="1" AtimOn="0" ErlstStDays="0" ErlstStTime="00:00" ErlstStTimeTZ="" HoldFlg="0"/>
<when ChkWhenExec="0" LtstEnd="0" LtstEndDays="0" LtstEndTime="00:00" LtstSt="0" LtstStDays="0" LtstStTime="00:00" LtstTimeTZ="" WCTypeAND="1" WCTypeOR="0" WElseA="0" WElseH="0" WElseS="1" WElseX="0" WhenExecute="" WtimOn="0"/>
<preconditions>
<PreCon>
<conditions id="CONDITIONS"/>
</PreCon>
</preconditions>
<predecessors/>
<runtime MrtCancel="0" MrtDays="0" MrtErt="0" MrtExecute="0" MrtExecuteObj="" MrtFix="0" MrtMethodDate="0" MrtMethodErt="0" MrtMethodFix="0" MrtMethodNone="1" MrtOn="1" MrtTZ="" MrtTime="00:00" SrtErt="0" SrtFix="0" SrtMethodErt="0" SrtMethodFix="0" SrtMethodNone="1"/>
<result ChkRExec="0" RElseHalt="0" RElseIgn="0" RElseJPAbend="0" RExecFlag="0" RExecute="" RRepMTimes="0" RRepOn="0" RRepWait="0" RWhen=""/>
<dynvalues>
<dyntree>
<node content="1" id="PCK.PSL_AUTOMIC.AUTOMIC_SERVICEMANAGER.PRV.PROMPTSET.SERVICEMANAGER_STOP_COMPONENT" name="PCK.PSL_AUTOMIC.AUTOMIC_SERVICEMANAGER.PRV.PROMPTSET.SERVICEMANAGER_STOP_COMPONENT" parent="PPRPTS" type="PPROMPTSET">
<PROMPTSET name="PCK.PSL_AUTOMIC.AUTOMIC_SERVICEMANAGER.PRV.PROMPTSET.SERVICEMANAGER_STOP_COMPONENT">
<PRPTBOX promptset="PCK.PSL_AUTOMIC.AUTOMIC_SERVICEMANAGER.PRV.PROMPTSET.SERVICEMANAGER_STOP_COMPONENT">
<UC4RB_PATHs.00 ReadFromTable="OPUD" altview="0" haslist="0" msginsert="" msgnr="" promptname="UC4RB_PATH#" promptsetname="PCK.PSL_AUTOMIC.AUTOMIC_SERVICEMANAGER.PRV.PROMPTSET.SERVICEMANAGER_STOP_COMPONENT"/>
<UC4RB_SA_AGENT_NAMEs.00 ReadFromTable="OPUD" altview="0" haslist="0" msginsert="" msgnr="" promptname="UC4RB_SA_AGENT_NAME#" promptsetname="PCK.PSL_AUTOMIC.AUTOMIC_SERVICEMANAGER.PRV.PROMPTSET.SERVICEMANAGER_STOP_COMPONENT"/>
<UC4RB_SA_HOSTs.00 ReadFromTable="OPUD" altview="0" haslist="0" msginsert="" msgnr="" promptname="UC4RB_SA_HOST#" promptsetname="PCK.PSL_AUTOMIC.AUTOMIC_SERVICEMANAGER.PRV.PROMPTSET.SERVICEMANAGER_STOP_COMPONENT"/>
<UC4RB_SA_PHRASEs.00 ReadFromTable="OPUD" altview="0" haslist="0" msginsert="" msgnr="" promptname="UC4RB_SA_PHRASE#" promptsetname="PCK.PSL_AUTOMIC.AUTOMIC_SERVICEMANAGER.PRV.PROMPTSET.SERVICEMANAGER_STOP_COMPONENT"/>
<UC4RB_SA_PORTs.00 ReadFromTable="OPUD" altview="0" haslist="0" msginsert="" msgnr="" promptname="UC4RB_SA_PORT#" promptsetname="PCK.PSL_AUTOMIC.AUTOMIC_SERVICEMANAGER.PRV.PROMPTSET.SERVICEMANAGER_STOP_COMPONENT"/>
</PRPTBOX>
</PROMPTSET>
</node>
<node content="1" id="PCK.ITPA_SHARED.PRV.PROMPTSET.OVERWRITE_AGENT" name="PCK.ITPA_SHARED.PRV.PROMPTSET.OVERWRITE_AGENT" parent="PPRPTS" type="PPROMPTSET">
<PROMPTSET name="PCK.ITPA_SHARED.PRV.PROMPTSET.OVERWRITE_AGENT">
<PRPTBOX promptset="PCK.ITPA_SHARED.PRV.PROMPTSET.OVERWRITE_AGENT">
<AGENTs.00 ReadFromTable="OPUD" altview="0" haslist="0" msginsert="" msgnr="" promptname="AGENT#" promptsetname="PCK.ITPA_SHARED.PRV.PROMPTSET.OVERWRITE_AGENT"/>
<LOGINs.00 ReadFromTable="OPUD" altview="0" haslist="0" msginsert="" msgnr="" promptname="LOGIN#" promptsetname="PCK.ITPA_SHARED.PRV.PROMPTSET.OVERWRITE_AGENT"/>
</PRPTBOX>
</PROMPTSET>
</node>
</dyntree>
</dynvalues>
<CIT/>
<calendars CCTypeAll="0" CCTypeExt="0" CCTypeNone="0" CCTypeOne="1" CaleOn="0"/>
<postconditions>
<PostCon>
<conditions id="CONDITIONS"/>
</PostCon>
</postconditions>
</task>
<task Alias="" BranchType="0" Col="2" Lnr="2" OType="JOBP" Object="PCK.PSL_AUTOMIC.AUTOMIC_SERVICEMANAGER.PUB.ACTION.SERVICEMANAGER_STOP_COMPONENT" ParentAlias="" ParentObject="" Row="2" Text2="">
<checkpoint RollbackFlag="1" RunPerPatch="0" RunPerTarget="0" TcpADays="0" TcpATime="00:00" TcpATimeTZ="" TcpExecute="" TcpOn="0" promptatgen="0" showprompt="0"/>
<after ActFlg="1" AtimOn="0" ErlstStDays="0" ErlstStTime="00:00" ErlstStTimeTZ="" HoldFlg="0"/>
<when ChkWhenExec="0" LtstEnd="0" LtstEndDays="0" LtstEndTime="00:00" LtstSt="0" LtstStDays="0" LtstStTime="00:00" LtstTimeTZ="" WCTypeAND="1" WCTypeOR="0" WElseA="0" WElseH="1" WElseS="0" WElseX="0" WhenExecute="" WtimOn="0"/>
<preconditions>
<PreCon>
<conditions id="CONDITIONS"/>
</PreCon>
</preconditions>
<predecessors>
<pre BranchType="0" Lnr="1" PreLnr="1" When="ANY_OK" type="container"/>
</predecessors>
<runtime MrtCancel="0" MrtDays="0" MrtErt="0" MrtExecute="0" MrtExecuteObj="" MrtFix="0" MrtMethodDate="0" MrtMethodErt="0" MrtMethodFix="0" MrtMethodNone="1" MrtOn="1" MrtTZ="" MrtTime="00:00" SrtErt="0" SrtFix="0" SrtMethodErt="0" SrtMethodFix="0" SrtMethodNone="1"/>
<result ChkRExec="0" RElseHalt="0" RElseIgn="0" RElseJPAbend="0" RExecFlag="0" RExecute="" RRepMTimes="0" RRepOn="0" RRepWait="0" RWhen=""/>
<dynvalues>
<dyntree>
<node content="1" id="VALUE" name="Variables" parent="" type="TASKVALUE">
<VALUE state="2">
<Values/>
<Mode>0</Mode>
</VALUE>
</node>
<node content="1" id="PVALUE" name="Parent Variables" parent="" type="TASKVALUE">
<VALUE state="2">
<Values/>
<Mode>0</Mode>
</VALUE>
</node>
<node content="1" id="PRPTS" name="PromptSets" parent="" pref="1" type="PROMPTSET"/>
<node content="0" id="PPRPTS" name="Parent PromptSets" parent="" type="PPROMPTSET"/>
<node content="1" id="PCK.PSL_AUTOMIC.AUTOMIC_SERVICEMANAGER.PRV.PROMPTSET.SERVICEMANAGER_STOP_COMPONENT" name="PCK.PSL_AUTOMIC.AUTOMIC_SERVICEMANAGER.PRV.PROMPTSET.SERVICEMANAGER_STOP_COMPONENT" parent="PRPTS" type="PROMPTSET">
<PROMPTSET name="PCK.PSL_AUTOMIC.AUTOMIC_SERVICEMANAGER.PRV.PROMPTSET.SERVICEMANAGER_STOP_COMPONENT">
<PRPTBOX promptset="PCK.PSL_AUTOMIC.AUTOMIC_SERVICEMANAGER.PRV.PROMPTSET.SERVICEMANAGER_STOP_COMPONENT">
<UC4RB_PATHs.00 ReadFromTable="JPPV" altview="1" haslist="0" msginsert="" msgnr="" promptname="UC4RB_PATH#" promptsetname="PCK.PSL_AUTOMIC.AUTOMIC_SERVICEMANAGER.PRV.PROMPTSET.SERVICEMANAGER_STOP_COMPONENT">&amp;UC4RB_PATH#</UC4RB_PATHs.00>
<UC4RB_SA_AGENT_NAMEs.00 ReadFromTable="JPPV" altview="1" haslist="0" msginsert="" msgnr="" promptname="UC4RB_SA_AGENT_NAME#" promptsetname="PCK.PSL_AUTOMIC.AUTOMIC_SERVICEMANAGER.PRV.PROMPTSET.SERVICEMANAGER_STOP_COMPONENT">&amp;UC4RB_SA_AGENT_NAME#</UC4RB_SA_AGENT_NAMEs.00>
<UC4RB_SA_HOSTs.00 ReadFromTable="JPPV" altview="1" haslist="0" msginsert="" msgnr="" promptname="UC4RB_SA_HOST#" promptsetname="PCK.PSL_AUTOMIC.AUTOMIC_SERVICEMANAGER.PRV.PROMPTSET.SERVICEMANAGER_STOP_COMPONENT">&amp;UC4RB_SA_HOST#</UC4RB_SA_HOSTs.00>
<UC4RB_SA_PHRASEs.00 ReadFromTable="JPPV" altview="1" haslist="0" msginsert="" msgnr="" promptname="UC4RB_SA_PHRASE#" promptsetname="PCK.PSL_AUTOMIC.AUTOMIC_SERVICEMANAGER.PRV.PROMPTSET.SERVICEMANAGER_STOP_COMPONENT">&amp;UC4RB_SA_PHRASE#</UC4RB_SA_PHRASEs.00>
<UC4RB_SA_PORTs.00 ReadFromTable="JPPV" altview="1" haslist="0" msginsert="" msgnr="" promptname="UC4RB_SA_PORT#" promptsetname="PCK.PSL_AUTOMIC.AUTOMIC_SERVICEMANAGER.PRV.PROMPTSET.SERVICEMANAGER_STOP_COMPONENT">&amp;UC4RB_SA_PORT#</UC4RB_SA_PORTs.00>
</PRPTBOX>
</PROMPTSET>
</node>
<node content="1" id="PCK.ITPA_SHARED.PRV.PROMPTSET.OVERWRITE_AGENT" name="PCK.ITPA_SHARED.PRV.PROMPTSET.OVERWRITE_AGENT" parent="PRPTS" type="PROMPTSET">
<PROMPTSET name="PCK.ITPA_SHARED.PRV.PROMPTSET.OVERWRITE_AGENT">
<PRPTBOX promptset="PCK.ITPA_SHARED.PRV.PROMPTSET.OVERWRITE_AGENT">
<AGENTs.00 ReadFromTable="JPPV" altview="1" haslist="0" msginsert="" msgnr="" promptname="AGENT#" promptsetname="PCK.ITPA_SHARED.PRV.PROMPTSET.OVERWRITE_AGENT">&amp;AGENT#</AGENTs.00>
<LOGINs.00 ReadFromTable="JPPV" altview="1" haslist="0" msginsert="" msgnr="" promptname="LOGIN#" promptsetname="PCK.ITPA_SHARED.PRV.PROMPTSET.OVERWRITE_AGENT">&amp;LOGIN#</LOGINs.00>
</PRPTBOX>
</PROMPTSET>
</node>
<node content="1" id="PCK.PSL_AUTOMIC.AUTOMIC_SERVICEMANAGER.PRV.PROMPTSET.SERVICEMANAGER_STOP_COMPONENT" name="PCK.PSL_AUTOMIC.AUTOMIC_SERVICEMANAGER.PRV.PROMPTSET.SERVICEMANAGER_STOP_COMPONENT" parent="PPRPTS" type="PPROMPTSET">
<PROMPTSET name="PCK.PSL_AUTOMIC.AUTOMIC_SERVICEMANAGER.PRV.PROMPTSET.SERVICEMANAGER_STOP_COMPONENT">
<PRPTBOX promptset="PCK.PSL_AUTOMIC.AUTOMIC_SERVICEMANAGER.PRV.PROMPTSET.SERVICEMANAGER_STOP_COMPONENT">
<UC4RB_PATHs.00 ReadFromTable="OPUD" altview="0" haslist="0" msginsert="" msgnr="" promptname="UC4RB_PATH#" promptsetname="PCK.PSL_AUTOMIC.AUTOMIC_SERVICEMANAGER.PRV.PROMPTSET.SERVICEMANAGER_STOP_COMPONENT"/>
<UC4RB_SA_AGENT_NAMEs.00 ReadFromTable="OPUD" altview="0" haslist="0" msginsert="" msgnr="" promptname="UC4RB_SA_AGENT_NAME#" promptsetname="PCK.PSL_AUTOMIC.AUTOMIC_SERVICEMANAGER.PRV.PROMPTSET.SERVICEMANAGER_STOP_COMPONENT"/>
<UC4RB_SA_HOSTs.00 ReadFromTable="OPUD" altview="0" haslist="0" msginsert="" msgnr="" promptname="UC4RB_SA_HOST#" promptsetname="PCK.PSL_AUTOMIC.AUTOMIC_SERVICEMANAGER.PRV.PROMPTSET.SERVICEMANAGER_STOP_COMPONENT"/>
<UC4RB_SA_PHRASEs.00 ReadFromTable="OPUD" altview="0" haslist="0" msginsert="" msgnr="" promptname="UC4RB_SA_PHRASE#" promptsetname="PCK.PSL_AUTOMIC.AUTOMIC_SERVICEMANAGER.PRV.PROMPTSET.SERVICEMANAGER_STOP_COMPONENT"/>
<UC4RB_SA_PORTs.00 ReadFromTable="OPUD" altview="0" haslist="0" msginsert="" msgnr="" promptname="UC4RB_SA_PORT#" promptsetname="PCK.PSL_AUTOMIC.AUTOMIC_SERVICEMANAGER.PRV.PROMPTSET.SERVICEMANAGER_STOP_COMPONENT"/>
</PRPTBOX>
</PROMPTSET>
</node>
<node content="1" id="PCK.ITPA_SHARED.PRV.PROMPTSET.OVERWRITE_AGENT" name="PCK.ITPA_SHARED.PRV.PROMPTSET.OVERWRITE_AGENT" parent="PPRPTS" type="PPROMPTSET">
<PROMPTSET name="PCK.ITPA_SHARED.PRV.PROMPTSET.OVERWRITE_AGENT">
<PRPTBOX promptset="PCK.ITPA_SHARED.PRV.PROMPTSET.OVERWRITE_AGENT">
<AGENTs.00 ReadFromTable="OPUD" altview="0" haslist="0" msginsert="" msgnr="" promptname="AGENT#" promptsetname="PCK.ITPA_SHARED.PRV.PROMPTSET.OVERWRITE_AGENT"/>
<LOGINs.00 ReadFromTable="OPUD" altview="0" haslist="0" msginsert="" msgnr="" promptname="LOGIN#" promptsetname="PCK.ITPA_SHARED.PRV.PROMPTSET.OVERWRITE_AGENT"/>
</PRPTBOX>
</PROMPTSET>
</node>
</dyntree>
</dynvalues>
<CIT/>
<calendars CCTypeAll="0" CCTypeExt="0" CCTypeNone="0" CCTypeOne="1" CaleOn="0"/>
<postconditions>
<PostCon>
<conditions id="CONDITIONS"/>
</PostCon>
</postconditions>
</task>
<task Alias="" BranchType="0" Col="3" Lnr="3" OType="JOBP" Object="PCK.PSL_AUTOMIC.AUTOMIC_SERVICEMANAGER.PUB.ACTION.SERVICEMANAGER_START_COMPONENT" ParentAlias="" ParentObject="" Row="2" Text2="">
<checkpoint RollbackFlag="1" RunPerPatch="0" RunPerTarget="0" TcpADays="0" TcpATime="00:00" TcpATimeTZ="" TcpExecute="" TcpOn="0" promptatgen="0" showprompt="0"/>
<after ActFlg="1" AtimOn="0" ErlstStDays="0" ErlstStTime="00:00" ErlstStTimeTZ="" HoldFlg="0"/>
<when ChkWhenExec="0" LtstEnd="0" LtstEndDays="0" LtstEndTime="00:00" LtstSt="0" LtstStDays="0" LtstStTime="00:00" LtstTimeTZ="" WCTypeAND="1" WCTypeOR="0" WElseA="0" WElseH="1" WElseS="0" WElseX="0" WhenExecute="" WtimOn="0"/>
<preconditions>
<PreCon>
<conditions id="CONDITIONS"/>
</PreCon>
</preconditions>
<predecessors>
<pre BranchType="0" Lnr="1" PreLnr="2" When="ANY_OK" type="container"/>
</predecessors>
<runtime MrtCancel="0" MrtDays="0" MrtErt="0" MrtExecute="0" MrtExecuteObj="" MrtFix="0" MrtMethodDate="0" MrtMethodErt="0" MrtMethodFix="0" MrtMethodNone="1" MrtOn="1" MrtTZ="" MrtTime="00:00" SrtErt="0" SrtFix="0" SrtMethodErt="0" SrtMethodFix="0" SrtMethodNone="1"/>
<result ChkRExec="0" RElseHalt="0" RElseIgn="0" RElseJPAbend="0" RExecFlag="0" RExecute="" RRepMTimes="0" RRepOn="0" RRepWait="0" RWhen=""/>
<dynvalues>
<dyntree>
<node content="1" id="VALUE" name="Variables" parent="" type="TASKVALUE">
<VALUE state="2">
<Values/>
<Mode>0</Mode>
</VALUE>
</node>
<node content="1" id="PVALUE" name="Parent Variables" parent="" type="TASKVALUE">
<VALUE state="2">
<Values/>
<Mode>0</Mode>
</VALUE>
</node>
<node content="1" id="PRPTS" name="PromptSets" parent="" pref="1" type="PROMPTSET"/>
<node content="0" id="PPRPTS" name="Parent PromptSets" parent="" type="PPROMPTSET"/>
<node content="1" id="PCK.PSL_AUTOMIC.AUTOMIC_SERVICEMANAGER.PRV.PROMPTSET.SERVICEMANAGER_START_COMPONENT" name="PCK.PSL_AUTOMIC.AUTOMIC_SERVICEMANAGER.PRV.PROMPTSET.SERVICEMANAGER_START_COMPONENT" parent="PRPTS" type="PROMPTSET">
<PROMPTSET name="PCK.PSL_AUTOMIC.AUTOMIC_SERVICEMANAGER.PRV.PROMPTSET.SERVICEMANAGER_START_COMPONENT">
<PRPTBOX promptset="PCK.PSL_AUTOMIC.AUTOMIC_SERVICEMANAGER.PRV.PROMPTSET.SERVICEMANAGER_START_COMPONENT">
<UC4RB_PATHs.00 ReadFromTable="JPPV" altview="1" haslist="0" msginsert="" msgnr="" promptname="UC4RB_PATH#" promptsetname="PCK.PSL_AUTOMIC.AUTOMIC_SERVICEMANAGER.PRV.PROMPTSET.SERVICEMANAGER_START_COMPONENT">&amp;UC4RB_PATH#</UC4RB_PATHs.00>
<UC4RB_SA_AGENT_NAMEs.00 ReadFromTable="JPPV" altview="1" haslist="0" msginsert="" msgnr="" promptname="UC4RB_SA_AGENT_NAME#" promptsetname="PCK.PSL_AUTOMIC.AUTOMIC_SERVICEMANAGER.PRV.PROMPTSET.SERVICEMANAGER_START_COMPONENT">&amp;UC4RB_SA_AGENT_NAME#</UC4RB_SA_AGENT_NAMEs.00>
<UC4RB_SA_HOSTs.00 ReadFromTable="JPPV" altview="1" haslist="0" msginsert="" msgnr="" promptname="UC4RB_SA_HOST#" promptsetname="PCK.PSL_AUTOMIC.AUTOMIC_SERVICEMANAGER.PRV.PROMPTSET.SERVICEMANAGER_START_COMPONENT">&amp;UC4RB_SA_HOST#</UC4RB_SA_HOSTs.00>
<UC4RB_SA_PHRASEs.00 ReadFromTable="JPPV" altview="1" haslist="0" msginsert="" msgnr="" promptname="UC4RB_SA_PHRASE#" promptsetname="PCK.PSL_AUTOMIC.AUTOMIC_SERVICEMANAGER.PRV.PROMPTSET.SERVICEMANAGER_START_COMPONENT">&amp;UC4RB_SA_PHRASE#</UC4RB_SA_PHRASEs.00>
<UC4RB_SA_PORTs.00 ReadFromTable="JPPV" altview="1" haslist="0" msginsert="" msgnr="" promptname="UC4RB_SA_PORT#" promptsetname="PCK.PSL_AUTOMIC.AUTOMIC_SERVICEMANAGER.PRV.PROMPTSET.SERVICEMANAGER_START_COMPONENT">&amp;UC4RB_SA_PORT#</UC4RB_SA_PORTs.00>
</PRPTBOX>
</PROMPTSET>
</node>
<node content="1" id="PCK.ITPA_SHARED.PRV.PROMPTSET.OVERWRITE_AGENT" name="PCK.ITPA_SHARED.PRV.PROMPTSET.OVERWRITE_AGENT" parent="PRPTS" type="PROMPTSET">
<PROMPTSET name="PCK.ITPA_SHARED.PRV.PROMPTSET.OVERWRITE_AGENT">
<PRPTBOX promptset="PCK.ITPA_SHARED.PRV.PROMPTSET.OVERWRITE_AGENT">
<AGENTs.00 ReadFromTable="JPPV" altview="1" haslist="0" msginsert="" msgnr="" promptname="AGENT#" promptsetname="PCK.ITPA_SHARED.PRV.PROMPTSET.OVERWRITE_AGENT">&amp;AGENT#</AGENTs.00>
<LOGINs.00 ReadFromTable="JPPV" altview="1" haslist="0" msginsert="" msgnr="" promptname="LOGIN#" promptsetname="PCK.ITPA_SHARED.PRV.PROMPTSET.OVERWRITE_AGENT">&amp;LOGIN#</LOGINs.00>
</PRPTBOX>
</PROMPTSET>
</node>
<node content="1" id="PCK.PSL_AUTOMIC.AUTOMIC_SERVICEMANAGER.PRV.PROMPTSET.SERVICEMANAGER_STOP_COMPONENT" name="PCK.PSL_AUTOMIC.AUTOMIC_SERVICEMANAGER.PRV.PROMPTSET.SERVICEMANAGER_STOP_COMPONENT" parent="PPRPTS" type="PPROMPTSET">
<PROMPTSET name="PCK.PSL_AUTOMIC.AUTOMIC_SERVICEMANAGER.PRV.PROMPTSET.SERVICEMANAGER_STOP_COMPONENT">
<PRPTBOX promptset="PCK.PSL_AUTOMIC.AUTOMIC_SERVICEMANAGER.PRV.PROMPTSET.SERVICEMANAGER_STOP_COMPONENT">
<UC4RB_PATHs.00 ReadFromTable="OPUD" altview="0" haslist="0" msginsert="" msgnr="" promptname="UC4RB_PATH#" promptsetname="PCK.PSL_AUTOMIC.AUTOMIC_SERVICEMANAGER.PRV.PROMPTSET.SERVICEMANAGER_STOP_COMPONENT"/>
<UC4RB_SA_AGENT_NAMEs.00 ReadFromTable="OPUD" altview="0" haslist="0" msginsert="" msgnr="" promptname="UC4RB_SA_AGENT_NAME#" promptsetname="PCK.PSL_AUTOMIC.AUTOMIC_SERVICEMANAGER.PRV.PROMPTSET.SERVICEMANAGER_STOP_COMPONENT"/>
<UC4RB_SA_HOSTs.00 ReadFromTable="OPUD" altview="0" haslist="0" msginsert="" msgnr="" promptname="UC4RB_SA_HOST#" promptsetname="PCK.PSL_AUTOMIC.AUTOMIC_SERVICEMANAGER.PRV.PROMPTSET.SERVICEMANAGER_STOP_COMPONENT"/>
<UC4RB_SA_PHRASEs.00 ReadFromTable="OPUD" altview="0" haslist="0" msginsert="" msgnr="" promptname="UC4RB_SA_PHRASE#" promptsetname="PCK.PSL_AUTOMIC.AUTOMIC_SERVICEMANAGER.PRV.PROMPTSET.SERVICEMANAGER_STOP_COMPONENT"/>
<UC4RB_SA_PORTs.00 ReadFromTable="OPUD" altview="0" haslist="0" msginsert="" msgnr="" promptname="UC4RB_SA_PORT#" promptsetname="PCK.PSL_AUTOMIC.AUTOMIC_SERVICEMANAGER.PRV.PROMPTSET.SERVICEMANAGER_STOP_COMPONENT"/>
</PRPTBOX>
</PROMPTSET>
</node>
<node content="1" id="PCK.ITPA_SHARED.PRV.PROMPTSET.OVERWRITE_AGENT" name="PCK.ITPA_SHARED.PRV.PROMPTSET.OVERWRITE_AGENT" parent="PPRPTS" type="PPROMPTSET">
<PROMPTSET name="PCK.ITPA_SHARED.PRV.PROMPTSET.OVERWRITE_AGENT">
<PRPTBOX promptset="PCK.ITPA_SHARED.PRV.PROMPTSET.OVERWRITE_AGENT">
<AGENTs.00 ReadFromTable="OPUD" altview="0" haslist="0" msginsert="" msgnr="" promptname="AGENT#" promptsetname="PCK.ITPA_SHARED.PRV.PROMPTSET.OVERWRITE_AGENT"/>
<LOGINs.00 ReadFromTable="OPUD" altview="0" haslist="0" msginsert="" msgnr="" promptname="LOGIN#" promptsetname="PCK.ITPA_SHARED.PRV.PROMPTSET.OVERWRITE_AGENT"/>
</PRPTBOX>
</PROMPTSET>
</node>
</dyntree>
</dynvalues>
<CIT/>
<calendars CCTypeAll="0" CCTypeExt="0" CCTypeNone="0" CCTypeOne="1" CaleOn="0"/>
<postconditions>
<PostCon>
<conditions id="CONDITIONS"/>
</PostCon>
</postconditions>
</task>
<task Alias="" BranchType="0" Col="4" Lnr="4" OType="&lt;END&gt;" Object="END" ParentAlias="" ParentObject="" Row="2" Text2="">
<checkpoint RollbackFlag="0" RunPerPatch="0" RunPerTarget="0" TcpADays="0" TcpATime="00:00" TcpATimeTZ="" TcpExecute="" TcpOn="0" promptatgen="0" showprompt="0"/>
<after ActFlg="1" AtimOn="0" ErlstStDays="0" ErlstStTime="00:00" ErlstStTimeTZ="" HoldFlg="0"/>
<when ChkWhenExec="0" LtstEnd="0" LtstEndDays="0" LtstEndTime="00:00" LtstSt="0" LtstStDays="0" LtstStTime="00:00" LtstTimeTZ="" WCTypeAND="1" WCTypeOR="0" WElseA="1" WElseH="0" WElseS="0" WElseX="0" WhenExecute="" WtimOn="0"/>
<preconditions>
<PreCon>
<conditions id="CONDITIONS"/>
</PreCon>
</preconditions>
<predecessors>
<pre BranchType="0" Lnr="1" PreLnr="3" When="ANY_OK" type="container"/>
</predecessors>
<runtime MrtCancel="0" MrtDays="0" MrtErt="0" MrtExecute="0" MrtExecuteObj="" MrtFix="0" MrtMethodDate="0" MrtMethodErt="0" MrtMethodFix="0" MrtMethodNone="1" MrtOn="1" MrtTZ="" MrtTime="00:00" SrtErt="0" SrtFix="0" SrtMethodErt="0" SrtMethodFix="0" SrtMethodNone="1"/>
<result ChkRExec="0" RElseHalt="0" RElseIgn="0" RElseJPAbend="0" RExecFlag="0" RExecute="" RRepMTimes="0" RRepOn="0" RRepWait="0" RWhen=""/>
<dynvalues>
<dyntree>
<node content="1" id="PCK.PSL_AUTOMIC.AUTOMIC_SERVICEMANAGER.PRV.PROMPTSET.SERVICEMANAGER_STOP_COMPONENT" name="PCK.PSL_AUTOMIC.AUTOMIC_SERVICEMANAGER.PRV.PROMPTSET.SERVICEMANAGER_STOP_COMPONENT" parent="PPRPTS" type="PPROMPTSET">
<PROMPTSET name="PCK.PSL_AUTOMIC.AUTOMIC_SERVICEMANAGER.PRV.PROMPTSET.SERVICEMANAGER_STOP_COMPONENT">
<PRPTBOX promptset="PCK.PSL_AUTOMIC.AUTOMIC_SERVICEMANAGER.PRV.PROMPTSET.SERVICEMANAGER_STOP_COMPONENT">
<UC4RB_PATHs.00 ReadFromTable="OPUD" altview="0" haslist="0" msginsert="" msgnr="" promptname="UC4RB_PATH#" promptsetname="PCK.PSL_AUTOMIC.AUTOMIC_SERVICEMANAGER.PRV.PROMPTSET.SERVICEMANAGER_STOP_COMPONENT"/>
<UC4RB_SA_AGENT_NAMEs.00 ReadFromTable="OPUD" altview="0" haslist="0" msginsert="" msgnr="" promptname="UC4RB_SA_AGENT_NAME#" promptsetname="PCK.PSL_AUTOMIC.AUTOMIC_SERVICEMANAGER.PRV.PROMPTSET.SERVICEMANAGER_STOP_COMPONENT"/>
<UC4RB_SA_HOSTs.00 ReadFromTable="OPUD" altview="0" haslist="0" msginsert="" msgnr="" promptname="UC4RB_SA_HOST#" promptsetname="PCK.PSL_AUTOMIC.AUTOMIC_SERVICEMANAGER.PRV.PROMPTSET.SERVICEMANAGER_STOP_COMPONENT"/>
<UC4RB_SA_PHRASEs.00 ReadFromTable="OPUD" altview="0" haslist="0" msginsert="" msgnr="" promptname="UC4RB_SA_PHRASE#" promptsetname="PCK.PSL_AUTOMIC.AUTOMIC_SERVICEMANAGER.PRV.PROMPTSET.SERVICEMANAGER_STOP_COMPONENT"/>
<UC4RB_SA_PORTs.00 ReadFromTable="OPUD" altview="0" haslist="0" msginsert="" msgnr="" promptname="UC4RB_SA_PORT#" promptsetname="PCK.PSL_AUTOMIC.AUTOMIC_SERVICEMANAGER.PRV.PROMPTSET.SERVICEMANAGER_STOP_COMPONENT"/>
</PRPTBOX>
</PROMPTSET>
</node>
<node content="1" id="PCK.ITPA_SHARED.PRV.PROMPTSET.OVERWRITE_AGENT" name="PCK.ITPA_SHARED.PRV.PROMPTSET.OVERWRITE_AGENT" parent="PPRPTS" type="PPROMPTSET">
<PROMPTSET name="PCK.ITPA_SHARED.PRV.PROMPTSET.OVERWRITE_AGENT">
<PRPTBOX promptset="PCK.ITPA_SHARED.PRV.PROMPTSET.OVERWRITE_AGENT">
<AGENTs.00 ReadFromTable="OPUD" altview="0" haslist="0" msginsert="" msgnr="" promptname="AGENT#" promptsetname="PCK.ITPA_SHARED.PRV.PROMPTSET.OVERWRITE_AGENT"/>
<LOGINs.00 ReadFromTable="OPUD" altview="0" haslist="0" msginsert="" msgnr="" promptname="LOGIN#" promptsetname="PCK.ITPA_SHARED.PRV.PROMPTSET.OVERWRITE_AGENT"/>
</PRPTBOX>
</PROMPTSET>
</node>
</dyntree>
</dynvalues>
<CIT/>
<calendars CCTypeAll="0" CCTypeExt="0" CCTypeNone="0" CCTypeOne="1" CaleOn="0"/>
<postconditions>
<PostCon>
<conditions id="CONDITIONS"/>
</PostCon>
</postconditions>
</task>
<OPTIONS/>
</JobpStruct>
</JOBP>
<RUNTIME state="1">
<MaxRetCode>0</MaxRetCode>
<MrcExecute/>
<MrcElseE>0</MrcElseE>
<FcstStatus>0| |</FcstStatus>
<Ert>22</Ert>
<ErtMethodDef>1</ErtMethodDef>
<ErtMethodFix>0</ErtMethodFix>
<ErtFix>0</ErtFix>
<ErtDynMethod>2|Average</ErtDynMethod>
<ErtMethodDyn>0</ErtMethodDyn>
<ErtCnt>0</ErtCnt>
<ErtCorr>0</ErtCorr>
<ErtIgn>0</ErtIgn>
<ErtIgnFlg>0</ErtIgnFlg>
<ErtMinCnt>0</ErtMinCnt>
<MrtMethodNone>1</MrtMethodNone>
<MrtMethodFix>0</MrtMethodFix>
<MrtFix>0</MrtFix>
<MrtMethodErt>0</MrtMethodErt>
<MrtErt>0</MrtErt>
<MrtMethodDate>0</MrtMethodDate>
<MrtDays>0</MrtDays>
<MrtTime>00:00</MrtTime>
<MrtTZ/>
<SrtMethodNone>1</SrtMethodNone>
<SrtMethodFix>0</SrtMethodFix>
<SrtFix>0</SrtFix>
<SrtMethodErt>0</SrtMethodErt>
<SrtErt>0</SrtErt>
<MrtCancel>0</MrtCancel>
<MrtExecute>0</MrtExecute>
<MrtExecuteObj/>
</RUNTIME>
<DYNVALUES state="1">
<dyntree>
<node content="1" id="VALUE" name="Variables" parent="" type="VALUE">
<VALUE state="1">
<Values/>
<Mode>0</Mode>
</VALUE>
</node>
<node content="1" id="PCK.PSL_AUTOMIC.AUTOMIC_SERVICEMANAGER.PRV.PROMPTSET.SERVICEMANAGER_STOP_COMPONENT" name="PCK.PSL_AUTOMIC.AUTOMIC_SERVICEMANAGER.PRV.PROMPTSET.SERVICEMANAGER_STOP_COMPONENT" parent="PRPTS" type="PROMPTSET">
<PROMPTSET name="PCK.PSL_AUTOMIC.AUTOMIC_SERVICEMANAGER.PRV.PROMPTSET.SERVICEMANAGER_STOP_COMPONENT" ontop="1">
<PRPTBOX promptset="PCK.PSL_AUTOMIC.AUTOMIC_SERVICEMANAGER.PRV.PROMPTSET.SERVICEMANAGER_STOP_COMPONENT" prptmode="1">
<UC4RB_PATHs.00 altview="0" haslist="0"/>
<UC4RB_SA_HOSTs.00 altview="0" haslist="0"/>
<UC4RB_SA_PORTs.00 altview="0" haslist="0"/>
<UC4RB_SA_PHRASEs.00 altview="0" haslist="0"/>
<UC4RB_SA_AGENT_NAMEs.00 altview="0" haslist="0"/>
</PRPTBOX>
</PROMPTSET>
</node>
<node content="1" id="PCK.ITPA_SHARED.PRV.PROMPTSET.OVERWRITE_AGENT" name="PCK.ITPA_SHARED.PRV.PROMPTSET.OVERWRITE_AGENT" parent="PRPTS" type="PROMPTSET">
<PROMPTSET name="PCK.ITPA_SHARED.PRV.PROMPTSET.OVERWRITE_AGENT" ontop="1">
<PRPTBOX promptset="PCK.ITPA_SHARED.PRV.PROMPTSET.OVERWRITE_AGENT" prptmode="1">
<AGENTs.00 altview="0" haslist="0"/>
<LOGINs.00 altview="0" haslist="0"/>
</PRPTBOX>
</PROMPTSET>
</node>
</dyntree>
</DYNVALUES>
<DEPLOYMENT state="1">
<DeploymentFlag>0</DeploymentFlag>
<WFTypeA>1</WFTypeA>
<WFTypeC>0</WFTypeC>
<AppName/>
<WFName/>
<ComponentName/>
</DEPLOYMENT>
<ROLLBACK state="1">
<RollbackFlag>0</RollbackFlag>
<CBackupObj/>
<CRollbackObj/>
<FBackupPath/>
<FDeleteBefore>0</FDeleteBefore>
<FInclSubDirs>0</FInclSubDirs>
</ROLLBACK>
<SCRIPT mode="1" state="1">
<MSCRI/>
</SCRIPT>
<DOCU_Docu state="1" type="text">
<DOC/>
</DOCU_Docu>
<DOCU_Fiche_Job state="1" type="text">
<DOC/>
</DOCU_Fiche_Job>
<DOCU_Incident state="1" type="text">
<DOC/>
</DOCU_Incident>
<DOCU_Etendue- state="1" type="xml">
<DOC/>
</DOCU_Etendue->
</JOBP>
<VARA OVD_VRName="FREI" data_type="STATIC" name="PCK.PSL_AUTOMIC.AUTOMIC_SERVICEMANAGER.PUB.PROMPT_EXTERNAL_MAP" replacementmode="2">
<HEADER state="1">
<Title/>
<ArchiveKey1/>
<ArchiveKey2/>
<OH_SubType>STATIC</OH_SubType>
</HEADER>
<ATTR_VARA state="1">
<Type>C|Text</Type>
<lblSource>Static</lblSource>
<source>STATIC</source>
<VRName>FREI|Freely selected</VRName>
<NotFoundErr>0</NotFoundErr>
<NotFoundDef>1</NotFoundDef>
<ShareN>0</ShareN>
<ShareL>0</ShareL>
<ShareR>0</ShareR>
<MaxValue_C>1024</MaxValue_C>
<CheckMax_C>0</CheckMax_C>
<uppercase>0</uppercase>
<sortColumn>0</sortColumn>
<sortDirection>0</sortDirection>
</ATTR_VARA>
<VARA state="1">
<Variables>
<row Name="PCK.PSL_AUTOMIC.AUTOMIC_SERVICEMANAGER.PUB.ACTION.SERVICEMANAGER_RESTART_COMPONENT/AGENT#" Value="&amp;AGENT#" Value1="" Value2="" Value3="" Value4=""/>
<row Name="PCK.PSL_AUTOMIC.AUTOMIC_SERVICEMANAGER.PUB.ACTION.SERVICEMANAGER_RESTART_COMPONENT/LOGIN#" Value="&amp;LOGIN#" Value1="" Value2="" Value3="" Value4=""/>
<row Name="PCK.PSL_AUTOMIC.AUTOMIC_SERVICEMANAGER.PUB.ACTION.SERVICEMANAGER_START_COMPONENT/AGENT#" Value="&amp;AGENT#" Value1="" Value2="" Value3="" Value4=""/>
<row Name="PCK.PSL_AUTOMIC.AUTOMIC_SERVICEMANAGER.PUB.ACTION.SERVICEMANAGER_START_COMPONENT/LOGIN#" Value="&amp;LOGIN#" Value1="" Value2="" Value3="" Value4=""/>
<row Name="PCK.PSL_AUTOMIC.AUTOMIC_SERVICEMANAGER.PUB.ACTION.SERVICEMANAGER_STOP_COMPONENT/AGENT#" Value="&amp;AGENT#" Value1="" Value2="" Value3="" Value4=""/>
<row Name="PCK.PSL_AUTOMIC.AUTOMIC_SERVICEMANAGER.PUB.ACTION.SERVICEMANAGER_STOP_COMPONENT/LOGIN#" Value="&amp;LOGIN#" Value1="" Value2="" Value3="" Value4=""/>
</Variables>
</VARA>
<DOCU_Docu state="1" type="text">
<DOC/>
</DOCU_Docu>
<DOCU_Fiche_Job state="1" type="text">
<DOC/>
</DOCU_Fiche_Job>
<DOCU_Incident state="1" type="text">
<DOC/>
</DOCU_Incident>
<DOCU_Etendue- state="1" type="xml">
<DOC/>
</DOCU_Etendue->
</VARA>
<DOCU name="PCK.PSL_AUTOMIC.AUTOMIC_SERVICEMANAGER.PUB.DOC">
<HEADER state="1">
<Title>Pack Documentation</Title>
<ArchiveKey1/>
<ArchiveKey2/>
<OH_SubType/>
</HEADER>
<DOCU_Docu state="1" type="text">
<DOC/>
</DOCU_Docu>
<DOCU_Fiche_Job state="1" type="text">
<DOC/>
</DOCU_Fiche_Job>
<DOCU_Incident state="1" type="text">
<DOC/>
</DOCU_Incident>
<DOCU_Etendue- state="1" type="xml">
<DOC/>
</DOCU_Etendue->
</DOCU>
<DOCU name="PCK.PSL_AUTOMIC.AUTOMIC_SERVICEMANAGER.PUB.LICENSES">
<HEADER state="1">
<Title/>
<ArchiveKey1/>
<ArchiveKey2/>
<OH_SubType/>
</HEADER>
<DOCU_Docu state="1" type="text">
<DOC/>
</DOCU_Docu>
<DOCU_Fiche_Job state="1" type="text">
<DOC/>
</DOCU_Fiche_Job>
<DOCU_Incident state="1" type="text">
<DOC/>
</DOCU_Incident>
<DOCU_Etendue- state="1" type="xml">
<DOC/>
</DOCU_Etendue->
</DOCU>
<PRPT name="PCK.PSL_AUTOMIC.AUTOMIC_SERVICEMANAGER.PRV.PROMPTSET.SERVICEMANAGER_RESTART_COMPONENT">
<HEADER state="1">
<Title>Input</Title>
<ArchiveKey1/>
<ArchiveKey2/>
<OH_SubType/>
</HEADER>
<PROMPTDESIGNER state="1">
<DESIGNER/>
</PROMPTDESIGNER>
<PROMPTSETXUI state="1">
<XUIEDITOR><![CDATA[<dialog height="424" icon="PRPT" id="PRPTS" left="0" top="0" width="441"><readpanel fill="b" id="PRPTBOX" nl="1" scroll="v" text="Promptset"><properties><entry name="text">Promptset</entry><entry name="modifiable">0</entry></properties></readpanel></dialog>]]></XUIEDITOR>
</PROMPTSETXUI>
<PROMPTSETDATA state="1">
<DATAEDITOR><![CDATA[<PRPTS ontop="1"><PRPTBOX/></PRPTS>]]></DATAEDITOR>
</PROMPTSETDATA>
<DOCU_Docu state="1" type="text">
<DOC/>
</DOCU_Docu>
<DOCU_Fiche_Job state="1" type="text">
<DOC/>
</DOCU_Fiche_Job>
<DOCU_Incident state="1" type="text">
<DOC/>
</DOCU_Incident>
<DOCU_Etendue- state="1" type="xml">
<DOC/>
</DOCU_Etendue->
</PRPT>
<JOBS_WINDOWS AttrType="WINDOWS" name="PCK.PSL_AUTOMIC.AUTOMIC_SERVICEMANAGER.PRV.JOB.SERVICEMANAGER_START_COMPONENT@WINDOWS">
<XHEADER state="1">
<Title/>
<ArchiveKey1/>
<ArchiveKey2/>
<Active>1</Active>
<OH_SubType/>
<CustomAttributes KeyListID="0" dataRequestID="0"/>
</XHEADER>
<OUTPUTREG state="1">
<FileReg/>
</OUTPUTREG>
<SYNCREF state="1">
<Syncs/>
</SYNCREF>
<ATTR_JOBS state="1">
<Queue>CLIENT_QUEUE</Queue>
<StartType/>
<HostDst>|&lt;WIN&gt;|HOST</HostDst>
<HostATTR_Type>WINDOWS</HostATTR_Type>
<CodeName/>
<Login/>
<IntAccount/>
<ExtRepDef>1</ExtRepDef>
<ExtRepAll>0</ExtRepAll>
<ExtRepNone>0</ExtRepNone>
<AutoDeactNo>1</AutoDeactNo>
<AutoDeact1ErrorFree>0</AutoDeact1ErrorFree>
<AutoDeactErrorFree>0</AutoDeactErrorFree>
<DeactWhen/>
<DeactDelay>0</DeactDelay>
<AutoDeactAlways>0</AutoDeactAlways>
<AttDialog>0</AttDialog>
<ActAtRun>1</ActAtRun>
<Consumption>0</Consumption>
<UC4Priority>0</UC4Priority>
<MaxParallel2>0</MaxParallel2>
<MpElse1>1</MpElse1>
<MpElse2>0</MpElse2>
<TZ/>
</ATTR_JOBS>
<ATTR_WINDOWS state="1">
<OutputDb>1</OutputDb>
<OutputDbErr>0</OutputDbErr>
<OutputFile>0</OutputFile>
<IsGenerated>0</IsGenerated>
<BAT>1</BAT>
<COM>0</COM>
<WinBatch>0</WinBatch>
<Standard>1</Standard>
<Minimized>0</Minimized>
<Maximized>0</Maximized>
<JObjDefault>1</JObjDefault>
<JObjYes>0</JObjYes>
<JObjNo>0</JObjNo>
<WorkingDirectory>c:\</WorkingDirectory>
<Command/>
<LogOn>0</LogOn>
<ShowJob>0</ShowJob>
</ATTR_WINDOWS>
<RUNTIME state="1">
<MaxRetCode>0</MaxRetCode>
<MrcExecute/>
<MrcElseE>0</MrcElseE>
<FcstStatus>0| |</FcstStatus>
<Ert>20</Ert>
<ErtMethodDef>1</ErtMethodDef>
<ErtMethodFix>0</ErtMethodFix>
<ErtFix>0</ErtFix>
<ErtDynMethod>2|Average</ErtDynMethod>
<ErtMethodDyn>0</ErtMethodDyn>
<ErtCnt>0</ErtCnt>
<ErtCorr>0</ErtCorr>
<ErtIgn>0</ErtIgn>
<ErtIgnFlg>0</ErtIgnFlg>
<ErtMinCnt>0</ErtMinCnt>
<MrtMethodNone>1</MrtMethodNone>
<MrtMethodFix>0</MrtMethodFix>
<MrtFix>0</MrtFix>
<MrtMethodErt>0</MrtMethodErt>
<MrtErt>0</MrtErt>
<MrtMethodDate>0</MrtMethodDate>
<MrtDays>0</MrtDays>
<MrtTime>00:00</MrtTime>
<MrtTZ/>
<SrtMethodNone>1</SrtMethodNone>
<SrtMethodFix>0</SrtMethodFix>
<SrtFix>0</SrtFix>
<SrtMethodErt>0</SrtMethodErt>
<SrtErt>0</SrtErt>
<MrtCancel>0</MrtCancel>
<MrtExecute>0</MrtExecute>
<MrtExecuteObj/>
</RUNTIME>
<DYNVALUES state="1">
<dyntree>
<node content="1" id="VALUE" name="Variables" parent="" type="VALUE">
<VALUE state="1">
<Values/>
<Mode>0</Mode>
</VALUE>
</node>
</dyntree>
</DYNVALUES>
<ROLLBACK state="1">
<RollbackFlag>0</RollbackFlag>
<CBackupObj/>
<CRollbackObj/>
<FBackupPath/>
<FDeleteBefore>0</FDeleteBefore>
<FInclSubDirs>0</FInclSubDirs>
</ROLLBACK>
<PRE_SCRIPT mode="1" replacementmode="1" state="1">
<PSCRI><![CDATA[:INCLUDE PCK.ITPA_SHARED.PRV.INCLUDE.PREPARE_JOB]]></PSCRI>
</PRE_SCRIPT>
<SCRIPT mode="1" state="1">
<MSCRI><![CDATA[cd /d &UC4RB_PATH#
!:INCLUDE PCK.ITPA_SHARED.PRV.INCLUDE.CHECK_CMDLINE_CMD@WINDOWS

UCYBSMCl.exe -c START_PROCESS -h  &UC4RB_SA_HOST#:&UC4RB_SA_PORT# -n &UC4RB_SA_PHRASE# -s "&UC4RB_SA_AGENT_NAME#"
:INCLUDE PCK.ITPA_SHARED.PRV.INCLUDE.CHECK_CMDLINE_CMD@WINDOWS]]></MSCRI>
</SCRIPT>
<OUTPUTSCAN state="1">
<Inherit>N</Inherit>
<filterobjects/>
<HostFsc/>
<LoginFsc/>
</OUTPUTSCAN>
<POST_SCRIPT mode="1" replacementmode="1" state="1">
<OSCRI/>
</POST_SCRIPT>
<DOCU_Docu state="1" type="text">
<DOC/>
</DOCU_Docu>
<DOCU_Fiche_Job state="1" type="text">
<DOC/>
</DOCU_Fiche_Job>
<DOCU_Incident state="1" type="text">
<DOC/>
</DOCU_Incident>
<DOCU_Etendue- state="1" type="xml">
<DOC/>
</DOCU_Etendue->
</JOBS_WINDOWS>
<PRPT name="PCK.PSL_AUTOMIC.AUTOMIC_SERVICEMANAGER.PRV.PROMPTSET.SERVICEMANAGER_START_COMPONENT">
<HEADER state="1">
<Title>Input</Title>
<ArchiveKey1/>
<ArchiveKey2/>
<OH_SubType/>
</HEADER>
<PROMPTDESIGNER state="1">
<DESIGNER/>
</PROMPTDESIGNER>
<PROMPTSETXUI state="1">
<XUIEDITOR><![CDATA[<dialog height="424" icon="PRPT" id="PRPTS" left="279" top="4" width="441"><readpanel fill="b" id="PRPTBOX" nl="1" scroll="v" text="Promptset"><properties><entry name="text">Promptset</entry><entry name="modifiable">0</entry></properties><text enabled="1" fill="b" focus="0" id="UC4RB_PATHs.00" inputassistance="0" len="" multiline="0" multilineIcon="0" nl="1" separator=";" showaspassword="0" text="Path to ServiceManager" tooltip="" upper="0" alt="1" regex="" required="0"><oninputassistant><command request="_internal" target="_view" targetaction="setAttribute" targetparam="promptname|@id"/><command request="_internal" target="_view" targetaction="setAttribute" targetparam="promptvalue|@value"/><command owner="_promptsetcontainer" owneraction="getData" request="getpromptinputassistance" target="_chainwindow"/></oninputassistant><properties><entry listparam="C" name="reference" reftype="STATIC">UC_DATATYPE_STRING</entry><entry name="text">Path to ServiceManager</entry><entry name="multiselect">0</entry><entry name="separator">;</entry><entry name="len"/><entry name="quotes"/><entry name="id">UC4RB_PATHs.00</entry><entry name="inputassistance">0</entry><entry name="enabled">0</entry><entry name="upper">0</entry><entry name="focus">0</entry><entry name="showaspassword">0</entry><entry name="tooltip"/><entry name="customfield"/><entry name="xmlkey"/><entry name="xmlpath"/><entry name="modifiable">1</entry><entry name="multiline">0</entry><entry name="multilineIcon">0</entry><entry name="regex"/><entry name="required">0</entry><entry name="initvalue"/><entry name="onchangereset"/><entry name="resetable">1</entry></properties></text><text enabled="1" fill="b" focus="0" id="UC4RB_SA_HOSTs.00" inputassistance="0" len="" multiline="0" multilineIcon="0" nl="1" separator=";" showaspassword="0" text="Host" tooltip="" upper="0" alt="1" regex="" required="0"><oninputassistant><command request="_internal" target="_view" targetaction="setAttribute" targetparam="promptname|@id"/><command request="_internal" target="_view" targetaction="setAttribute" targetparam="promptvalue|@value"/><command owner="_promptsetcontainer" owneraction="getData" request="getpromptinputassistance" target="_chainwindow"/></oninputassistant><properties><entry listparam="C" name="reference" reftype="STATIC">UC_DATATYPE_STRING</entry><entry name="text">Host</entry><entry name="multiselect">0</entry><entry name="separator">;</entry><entry name="len"/><entry name="quotes"/><entry name="id">UC4RB_SA_HOSTs.00</entry><entry name="inputassistance">0</entry><entry name="enabled">0</entry><entry name="upper">0</entry><entry name="focus">0</entry><entry name="showaspassword">0</entry><entry name="tooltip"/><entry name="customfield"/><entry name="xmlkey"/><entry name="xmlpath"/><entry name="modifiable">1</entry><entry name="multiline">0</entry><entry name="multilineIcon">0</entry><entry name="regex"/><entry name="required">0</entry><entry name="initvalue"/><entry name="onchangereset"/><entry name="resetable">1</entry></properties></text><text enabled="1" fill="b" focus="0" id="UC4RB_SA_PORTs.00" inputassistance="0" len="" multiline="0" multilineIcon="0" nl="1" separator=";" showaspassword="0" text="Port" tooltip="" upper="0" alt="1" regex="" required="0"><oninputassistant><command request="_internal" target="_view" targetaction="setAttribute" targetparam="promptname|@id"/><command request="_internal" target="_view" targetaction="setAttribute" targetparam="promptvalue|@value"/><command owner="_promptsetcontainer" owneraction="getData" request="getpromptinputassistance" target="_chainwindow"/></oninputassistant><properties><entry listparam="C" name="reference" reftype="STATIC">UC_DATATYPE_STRING</entry><entry name="text">Port</entry><entry name="multiselect">0</entry><entry name="separator">;</entry><entry name="len"/><entry name="quotes"/><entry name="id">UC4RB_SA_PORTs.00</entry><entry name="inputassistance">0</entry><entry name="enabled">0</entry><entry name="upper">0</entry><entry name="focus">0</entry><entry name="showaspassword">0</entry><entry name="tooltip"/><entry name="customfield"/><entry name="xmlkey"/><entry name="xmlpath"/><entry name="modifiable">1</entry><entry name="multiline">0</entry><entry name="multilineIcon">0</entry><entry name="regex"/><entry name="required">0</entry><entry name="initvalue"/><entry name="onchangereset"/><entry name="resetable">1</entry></properties></text><text enabled="1" fill="b" focus="0" id="UC4RB_SA_PHRASEs.00" inputassistance="0" len="" multiline="0" multilineIcon="0" nl="1" separator=";" showaspassword="0" text="Phrase" tooltip="" upper="0" alt="1" regex="" required="0"><oninputassistant><command request="_internal" target="_view" targetaction="setAttribute" targetparam="promptname|@id"/><command request="_internal" target="_view" targetaction="setAttribute" targetparam="promptvalue|@value"/><command owner="_promptsetcontainer" owneraction="getData" request="getpromptinputassistance" target="_chainwindow"/></oninputassistant><properties><entry listparam="C" name="reference" reftype="STATIC">UC_DATATYPE_STRING</entry><entry name="text">Phrase</entry><entry name="multiselect">0</entry><entry name="separator">;</entry><entry name="len"/><entry name="quotes"/><entry name="id">UC4RB_SA_PHRASEs.00</entry><entry name="inputassistance">0</entry><entry name="enabled">0</entry><entry name="upper">0</entry><entry name="focus">0</entry><entry name="showaspassword">0</entry><entry name="tooltip"/><entry name="customfield"/><entry name="xmlkey"/><entry name="xmlpath"/><entry name="modifiable">1</entry><entry name="multiline">0</entry><entry name="multilineIcon">0</entry><entry name="regex"/><entry name="required">0</entry><entry name="initvalue"/><entry name="onchangereset"/><entry name="resetable">1</entry></properties></text><text enabled="1" fill="b" focus="0" id="UC4RB_SA_AGENT_NAMEs.00" inputassistance="0" len="" multiline="0" multilineIcon="0" nl="1" separator=";" showaspassword="0" text="Service/Agent Name" tooltip="" upper="0" alt="1" regex="" required="0"><oninputassistant><command request="_internal" target="_view" targetaction="setAttribute" targetparam="promptname|@id"/><command request="_internal" target="_view" targetaction="setAttribute" targetparam="promptvalue|@value"/><command owner="_promptsetcontainer" owneraction="getData" request="getpromptinputassistance" target="_chainwindow"/></oninputassistant><properties><entry listparam="C" name="reference" reftype="STATIC">UC_DATATYPE_STRING</entry><entry name="text">Service/Agent Name</entry><entry name="multiselect">0</entry><entry name="separator">;</entry><entry name="len"/><entry name="quotes"/><entry name="id">UC4RB_SA_AGENT_NAMEs.00</entry><entry name="inputassistance">0</entry><entry name="enabled">0</entry><entry name="upper">0</entry><entry name="focus">0</entry><entry name="showaspassword">0</entry><entry name="tooltip"/><entry name="customfield"/><entry name="xmlkey"/><entry name="xmlpath"/><entry name="modifiable">1</entry><entry name="multiline">0</entry><entry name="multilineIcon">0</entry><entry name="regex"/><entry name="required">0</entry><entry name="initvalue"/><entry name="onchangereset"/><entry name="resetable">1</entry></properties></text></readpanel></dialog>]]></XUIEDITOR>
</PROMPTSETXUI>
<PROMPTSETDATA state="1">
<DATAEDITOR><![CDATA[<PRPTS ontop="1"><PRPTBOX><UC4RB_PATHs.00 haslist="0" msgnr="-1" msginsert="" altview="0" promptname="UC4RB_PATH#" ReadFromTable="OPSE"></UC4RB_PATHs.00><UC4RB_SA_HOSTs.00 haslist="0" msgnr="-1" msginsert="" altview="0" promptname="UC4RB_SA_HOST#" ReadFromTable="OPSE"></UC4RB_SA_HOSTs.00><UC4RB_SA_PORTs.00 haslist="0" msgnr="-1" msginsert="" altview="0" promptname="UC4RB_SA_PORT#" ReadFromTable="OPSE"></UC4RB_SA_PORTs.00><UC4RB_SA_PHRASEs.00 haslist="0" msgnr="-1" msginsert="" altview="0" promptname="UC4RB_SA_PHRASE#" ReadFromTable="OPSE"></UC4RB_SA_PHRASEs.00><UC4RB_SA_AGENT_NAMEs.00 haslist="0" msgnr="-1" msginsert="" altview="0" promptname="UC4RB_SA_AGENT_NAME#" ReadFromTable="OPSE"></UC4RB_SA_AGENT_NAMEs.00></PRPTBOX></PRPTS>]]></DATAEDITOR>
</PROMPTSETDATA>
<DOCU_Docu state="1" type="text">
<DOC/>
</DOCU_Docu>
<DOCU_Fiche_Job state="1" type="text">
<DOC/>
</DOCU_Fiche_Job>
<DOCU_Incident state="1" type="text">
<DOC/>
</DOCU_Incident>
<DOCU_Etendue- state="1" type="xml">
<DOC/>
</DOCU_Etendue->
</PRPT>
<JOBS_WINDOWS AttrType="WINDOWS" name="PCK.PSL_AUTOMIC.AUTOMIC_SERVICEMANAGER.PRV.JOB.SERVICEMANAGER_STOP_COMPONENT@WINDOWS">
<XHEADER state="1">
<Title/>
<ArchiveKey1/>
<ArchiveKey2/>
<Active>1</Active>
<OH_SubType/>
<CustomAttributes KeyListID="0" dataRequestID="0"/>
</XHEADER>
<OUTPUTREG state="1">
<FileReg/>
</OUTPUTREG>
<SYNCREF state="1">
<Syncs/>
</SYNCREF>
<ATTR_JOBS state="1">
<Queue>CLIENT_QUEUE</Queue>
<StartType/>
<HostDst>|&lt;WIN&gt;|HOST</HostDst>
<HostATTR_Type>WINDOWS</HostATTR_Type>
<CodeName/>
<Login/>
<IntAccount/>
<ExtRepDef>1</ExtRepDef>
<ExtRepAll>0</ExtRepAll>
<ExtRepNone>0</ExtRepNone>
<AutoDeactNo>1</AutoDeactNo>
<AutoDeact1ErrorFree>0</AutoDeact1ErrorFree>
<AutoDeactErrorFree>0</AutoDeactErrorFree>
<DeactWhen/>
<DeactDelay>0</DeactDelay>
<AutoDeactAlways>0</AutoDeactAlways>
<AttDialog>0</AttDialog>
<ActAtRun>1</ActAtRun>
<Consumption>0</Consumption>
<UC4Priority>0</UC4Priority>
<MaxParallel2>0</MaxParallel2>
<MpElse1>1</MpElse1>
<MpElse2>0</MpElse2>
<TZ/>
</ATTR_JOBS>
<ATTR_WINDOWS state="1">
<OutputDb>1</OutputDb>
<OutputDbErr>0</OutputDbErr>
<OutputFile>0</OutputFile>
<IsGenerated>0</IsGenerated>
<BAT>1</BAT>
<COM>0</COM>
<WinBatch>0</WinBatch>
<Standard>1</Standard>
<Minimized>0</Minimized>
<Maximized>0</Maximized>
<JObjDefault>1</JObjDefault>
<JObjYes>0</JObjYes>
<JObjNo>0</JObjNo>
<WorkingDirectory>c:\</WorkingDirectory>
<Command/>
<LogOn>0</LogOn>
<ShowJob>0</ShowJob>
</ATTR_WINDOWS>
<RUNTIME state="1">
<MaxRetCode>0</MaxRetCode>
<MrcExecute/>
<MrcElseE>0</MrcElseE>
<FcstStatus>0| |</FcstStatus>
<Ert>1</Ert>
<ErtMethodDef>1</ErtMethodDef>
<ErtMethodFix>0</ErtMethodFix>
<ErtFix>0</ErtFix>
<ErtDynMethod>2|Average</ErtDynMethod>
<ErtMethodDyn>0</ErtMethodDyn>
<ErtCnt>0</ErtCnt>
<ErtCorr>0</ErtCorr>
<ErtIgn>0</ErtIgn>
<ErtIgnFlg>0</ErtIgnFlg>
<ErtMinCnt>0</ErtMinCnt>
<MrtMethodNone>1</MrtMethodNone>
<MrtMethodFix>0</MrtMethodFix>
<MrtFix>0</MrtFix>
<MrtMethodErt>0</MrtMethodErt>
<MrtErt>0</MrtErt>
<MrtMethodDate>0</MrtMethodDate>
<MrtDays>0</MrtDays>
<MrtTime>00:00</MrtTime>
<MrtTZ/>
<SrtMethodNone>1</SrtMethodNone>
<SrtMethodFix>0</SrtMethodFix>
<SrtFix>0</SrtFix>
<SrtMethodErt>0</SrtMethodErt>
<SrtErt>0</SrtErt>
<MrtCancel>0</MrtCancel>
<MrtExecute>0</MrtExecute>
<MrtExecuteObj/>
</RUNTIME>
<DYNVALUES state="1">
<dyntree>
<node content="1" id="VALUE" name="Variables" parent="" type="VALUE">
<VALUE state="1">
<Values/>
<Mode>0</Mode>
</VALUE>
</node>
</dyntree>
</DYNVALUES>
<ROLLBACK state="1">
<RollbackFlag>0</RollbackFlag>
<CBackupObj/>
<CRollbackObj/>
<FBackupPath/>
<FDeleteBefore>0</FDeleteBefore>
<FInclSubDirs>0</FInclSubDirs>
</ROLLBACK>
<PRE_SCRIPT mode="1" replacementmode="1" state="1">
<PSCRI><![CDATA[:INCLUDE PCK.ITPA_SHARED.PRV.INCLUDE.PREPARE_JOB]]></PSCRI>
</PRE_SCRIPT>
<SCRIPT mode="1" state="1">
<MSCRI><![CDATA[cd /d &UC4RB_PATH#
!:INCLUDE PCK.ITPA_SHARED.PRV.INCLUDE.CHECK_CMDLINE_CMD@WINDOWS

UCYBSMCl.exe -c STOP_PROCESS -h  &UC4RB_SA_HOST#:&UC4RB_SA_PORT# -n &UC4RB_SA_PHRASE# -s "&UC4RB_SA_AGENT_NAME#"
:INCLUDE PCK.ITPA_SHARED.PRV.INCLUDE.CHECK_CMDLINE_CMD@WINDOWS]]></MSCRI>
</SCRIPT>
<OUTPUTSCAN state="1">
<Inherit>N</Inherit>
<filterobjects/>
<HostFsc/>
<LoginFsc/>
</OUTPUTSCAN>
<POST_SCRIPT mode="1" replacementmode="1" state="1">
<OSCRI/>
</POST_SCRIPT>
<DOCU_Docu state="1" type="text">
<DOC/>
</DOCU_Docu>
<DOCU_Fiche_Job state="1" type="text">
<DOC/>
</DOCU_Fiche_Job>
<DOCU_Incident state="1" type="text">
<DOC/>
</DOCU_Incident>
<DOCU_Etendue- state="1" type="xml">
<DOC/>
</DOCU_Etendue->
</JOBS_WINDOWS>
<PRPT name="PCK.PSL_AUTOMIC.AUTOMIC_SERVICEMANAGER.PRV.PROMPTSET.SERVICEMANAGER_STOP_COMPONENT">
<HEADER state="1">
<Title>Input</Title>
<ArchiveKey1/>
<ArchiveKey2/>
<OH_SubType/>
</HEADER>
<PROMPTDESIGNER state="1">
<DESIGNER/>
</PROMPTDESIGNER>
<PROMPTSETXUI state="1">
<XUIEDITOR><![CDATA[<dialog height="424" icon="PRPT" id="PRPTS" left="279" top="4" width="441"><readpanel fill="b" id="PRPTBOX" nl="1" scroll="v" text="Promptset"><properties><entry name="text">Promptset</entry><entry name="modifiable">0</entry></properties><text alt="1" enabled="1" fill="b" focus="0" id="UC4RB_PATHs.00" inputassistance="0" len="" multiline="0" multilineIcon="0" nl="1" regex="" required="0" separator=";" showaspassword="0" text="Path to ServiceManager" tooltip="" upper="0"><oninputassistant><command request="_internal" target="_view" targetaction="setAttribute" targetparam="promptname|@id"/><command request="_internal" target="_view" targetaction="setAttribute" targetparam="promptvalue|@value"/><command owner="_promptsetcontainer" owneraction="getData" request="getpromptinputassistance" target="_chainwindow"/></oninputassistant><properties><entry listparam="C" name="reference" reftype="STATIC">UC_DATATYPE_STRING</entry><entry name="text">Path to ServiceManager</entry><entry name="multiselect">0</entry><entry name="separator">;</entry><entry name="len"/><entry name="quotes"/><entry name="id">UC4RB_PATHs.00</entry><entry name="inputassistance">0</entry><entry name="enabled">0</entry><entry name="upper">0</entry><entry name="focus">0</entry><entry name="showaspassword">0</entry><entry name="tooltip"/><entry name="customfield"/><entry name="xmlkey"/><entry name="xmlpath"/><entry name="modifiable">1</entry><entry name="multiline">0</entry><entry name="multilineIcon">0</entry><entry name="regex"/><entry name="required">0</entry><entry name="initvalue"/><entry name="onchangereset"/><entry name="resetable">1</entry></properties></text><text alt="1" enabled="1" fill="b" focus="0" id="UC4RB_SA_HOSTs.00" inputassistance="0" len="" multiline="0" multilineIcon="0" nl="1" regex="" required="0" separator=";" showaspassword="0" text="Host" tooltip="" upper="0"><oninputassistant><command request="_internal" target="_view" targetaction="setAttribute" targetparam="promptname|@id"/><command request="_internal" target="_view" targetaction="setAttribute" targetparam="promptvalue|@value"/><command owner="_promptsetcontainer" owneraction="getData" request="getpromptinputassistance" target="_chainwindow"/></oninputassistant><properties><entry listparam="C" name="reference" reftype="STATIC">UC_DATATYPE_STRING</entry><entry name="text">Host</entry><entry name="multiselect">0</entry><entry name="separator">;</entry><entry name="len"/><entry name="quotes"/><entry name="id">UC4RB_SA_HOSTs.00</entry><entry name="inputassistance">0</entry><entry name="enabled">0</entry><entry name="upper">0</entry><entry name="focus">0</entry><entry name="showaspassword">0</entry><entry name="tooltip"/><entry name="customfield"/><entry name="xmlkey"/><entry name="xmlpath"/><entry name="modifiable">1</entry><entry name="multiline">0</entry><entry name="multilineIcon">0</entry><entry name="regex"/><entry name="required">0</entry><entry name="initvalue"/><entry name="onchangereset"/><entry name="resetable">1</entry></properties></text><text alt="1" enabled="1" fill="b" focus="0" id="UC4RB_SA_PORTs.00" inputassistance="0" len="" multiline="0" multilineIcon="0" nl="1" regex="" required="0" separator=";" showaspassword="0" text="Port" tooltip="" upper="0"><oninputassistant><command request="_internal" target="_view" targetaction="setAttribute" targetparam="promptname|@id"/><command request="_internal" target="_view" targetaction="setAttribute" targetparam="promptvalue|@value"/><command owner="_promptsetcontainer" owneraction="getData" request="getpromptinputassistance" target="_chainwindow"/></oninputassistant><properties><entry listparam="C" name="reference" reftype="STATIC">UC_DATATYPE_STRING</entry><entry name="text">Port</entry><entry name="multiselect">0</entry><entry name="separator">;</entry><entry name="len"/><entry name="quotes"/><entry name="id">UC4RB_SA_PORTs.00</entry><entry name="inputassistance">0</entry><entry name="enabled">0</entry><entry name="upper">0</entry><entry name="focus">0</entry><entry name="showaspassword">0</entry><entry name="tooltip"/><entry name="customfield"/><entry name="xmlkey"/><entry name="xmlpath"/><entry name="modifiable">1</entry><entry name="multiline">0</entry><entry name="multilineIcon">0</entry><entry name="regex"/><entry name="required">0</entry><entry name="initvalue"/><entry name="onchangereset"/><entry name="resetable">1</entry></properties></text><text alt="1" enabled="1" fill="b" focus="0" id="UC4RB_SA_PHRASEs.00" inputassistance="0" len="" multiline="0" multilineIcon="0" nl="1" regex="" required="0" separator=";" showaspassword="0" text="Phrase" tooltip="" upper="0"><oninputassistant><command request="_internal" target="_view" targetaction="setAttribute" targetparam="promptname|@id"/><command request="_internal" target="_view" targetaction="setAttribute" targetparam="promptvalue|@value"/><command owner="_promptsetcontainer" owneraction="getData" request="getpromptinputassistance" target="_chainwindow"/></oninputassistant><properties><entry listparam="C" name="reference" reftype="STATIC">UC_DATATYPE_STRING</entry><entry name="text">Phrase</entry><entry name="multiselect">0</entry><entry name="separator">;</entry><entry name="len"/><entry name="quotes"/><entry name="id">UC4RB_SA_PHRASEs.00</entry><entry name="inputassistance">0</entry><entry name="enabled">0</entry><entry name="upper">0</entry><entry name="focus">0</entry><entry name="showaspassword">0</entry><entry name="tooltip"/><entry name="customfield"/><entry name="xmlkey"/><entry name="xmlpath"/><entry name="modifiable">1</entry><entry name="multiline">0</entry><entry name="multilineIcon">0</entry><entry name="regex"/><entry name="required">0</entry><entry name="initvalue"/><entry name="onchangereset"/><entry name="resetable">1</entry></properties></text><text alt="1" enabled="1" fill="b" focus="0" id="UC4RB_SA_AGENT_NAMEs.00" inputassistance="0" len="" multiline="0" multilineIcon="0" nl="1" regex="" required="0" separator=";" showaspassword="0" text="Service/Agent Name" tooltip="" upper="0"><oninputassistant><command request="_internal" target="_view" targetaction="setAttribute" targetparam="promptname|@id"/><command request="_internal" target="_view" targetaction="setAttribute" targetparam="promptvalue|@value"/><command owner="_promptsetcontainer" owneraction="getData" request="getpromptinputassistance" target="_chainwindow"/></oninputassistant><properties><entry listparam="C" name="reference" reftype="STATIC">UC_DATATYPE_STRING</entry><entry name="text">Service/Agent Name</entry><entry name="multiselect">0</entry><entry name="separator">;</entry><entry name="len"/><entry name="quotes"/><entry name="id">UC4RB_SA_AGENT_NAMEs.00</entry><entry name="inputassistance">0</entry><entry name="enabled">0</entry><entry name="upper">0</entry><entry name="focus">0</entry><entry name="showaspassword">0</entry><entry name="tooltip"/><entry name="customfield"/><entry name="xmlkey"/><entry name="xmlpath"/><entry name="modifiable">1</entry><entry name="multiline">0</entry><entry name="multilineIcon">0</entry><entry name="regex"/><entry name="required">0</entry><entry name="initvalue"/><entry name="onchangereset"/><entry name="resetable">1</entry></properties></text></readpanel></dialog>]]></XUIEDITOR>
</PROMPTSETXUI>
<PROMPTSETDATA state="1">
<DATAEDITOR><![CDATA[<PRPTS ontop="1"><PRPTBOX><UC4RB_PATHs.00 haslist="0" msgnr="-1" msginsert="" altview="0" promptname="UC4RB_PATH#" ReadFromTable="OPSE"></UC4RB_PATHs.00><UC4RB_SA_HOSTs.00 haslist="0" msgnr="-1" msginsert="" altview="0" promptname="UC4RB_SA_HOST#" ReadFromTable="OPSE"></UC4RB_SA_HOSTs.00><UC4RB_SA_PORTs.00 haslist="0" msgnr="-1" msginsert="" altview="0" promptname="UC4RB_SA_PORT#" ReadFromTable="OPSE"></UC4RB_SA_PORTs.00><UC4RB_SA_PHRASEs.00 haslist="0" msgnr="-1" msginsert="" altview="0" promptname="UC4RB_SA_PHRASE#" ReadFromTable="OPSE"></UC4RB_SA_PHRASEs.00><UC4RB_SA_AGENT_NAMEs.00 haslist="0" msgnr="-1" msginsert="" altview="0" promptname="UC4RB_SA_AGENT_NAME#" ReadFromTable="OPSE"></UC4RB_SA_AGENT_NAMEs.00></PRPTBOX></PRPTS>]]></DATAEDITOR>
</PROMPTSETDATA>
<DOCU_Docu state="1" type="text">
<DOC/>
</DOCU_Docu>
<DOCU_Fiche_Job state="1" type="text">
<DOC/>
</DOCU_Fiche_Job>
<DOCU_Incident state="1" type="text">
<DOC/>
</DOCU_Incident>
<DOCU_Etendue- state="1" type="xml">
<DOC/>
</DOCU_Etendue->
</PRPT>
</uc-export>